sim_id,step,individuals,present_species,shannon,patch_individuals_mean,patch_species_mean,patch_shannon_mean,sample_individuals_mean,sample_species_mean,sample_shannon_mean,habitat,fragmentation,n_patches,n_samples
1,1,5000,993,6.80673109878895,5000,993,6.80673109878895,0,0,0,1,0,1,0
1,2,6139,985,6.77486809681375,6139,985,6.77486809681375,0,0,0,1,0,1,0
1,3,7529,978,6.74503253036423,7529,978,6.74503253036423,0,0,0,1,0,1,0
1,4,9247,974,6.72430318919847,9247,974,6.72430318919847,0,0,0,1,0,1,0
1,5,11456,968,6.70441606108775,11456,968,6.70441606108775,0,0,0,1,0,1,0
1,6,14222,964,6.68712471834533,14222,964,6.68712471834533,0,0,0,1,0,1,0
1,7,17621,963,6.66616061356042,17621,963,6.66616061356042,0,0,0,1,0,1,0
1,8,21828,960,6.64556341144312,21828,960,6.64556341144312,0,0,0,1,0,1,0
1,9,27064,958,6.62470746328493,27064,958,6.62470746328493,0,0,0,1,0,1,0
1,10,33419,956,6.59945838139688,33419,956,6.59945838139688,0,0,0,1,0,1,0
1,11,40916,952,6.57270899274707,40916,952,6.57270899274707,0,0,0,1,0,1,0
1,12,49440,952,6.53425017888202,49440,952,6.53425017888202,0,0,0,1,0,1,0
1,13,59480,950,6.49214651643528,59480,950,6.49214651643528,0,0,0,1,0,1,0
1,14,69863,951,6.43868121878363,69863,951,6.43868121878363,0,0,0,1,0,1,0
1,15,79901,948,6.38462160158951,79901,948,6.38462160158951,0,0,0,1,0,1,0
1,16,87408,946,6.34516260827621,87408,946,6.34516260827621,0,0,0,1,0,1,0
1,17,90782,943,6.32623262813647,90782,943,6.32623262813647,0,0,0,1,0,1,0
1,18,91869,944,6.31691522245453,91869,944,6.31691522245453,0,0,0,1,0,1,0
1,19,92981,942,6.30917160489566,92981,942,6.30917160489566,0,0,0,1,0,1,0
1,20,93292,938,6.30585973678793,93292,938,6.30585973678793,0,0,0,1,0,1,0
1,21,93491,937,6.30028790095217,93491,937,6.30028790095217,0,0,0,1,0,1,0
1,22,93768,937,6.2979549325736,93768,937,6.2979549325736,0,0,0,1,0,1,0
1,23,93503,937,6.29326288867592,93503,937,6.29326288867592,0,0,0,1,0,1,0
1,24,93603,928,6.28745933083797,93603,928,6.28745933083797,0,0,0,1,0,1,0
1,25,93585,925,6.28496427405845,93585,925,6.28496427405845,0,0,0,1,0,1,0
1,26,93807,924,6.28304907348,93807,924,6.28304907348,0,0,0,1,0,1,0
1,27,93837,919,6.2769394024624,93837,919,6.2769394024624,0,0,0,1,0,1,0
1,28,93626,917,6.27419550979225,93626,917,6.27419550979225,0,0,0,1,0,1,0
1,29,93882,913,6.26987262468214,93882,913,6.26987262468214,0,0,0,1,0,1,0
1,30,93448,910,6.26340976738433,93448,910,6.26340976738433,0,0,0,1,0,1,0
1,31,93569,910,6.25907773065593,93569,910,6.25907773065593,0,0,0,1,0,1,0
1,32,93622,904,6.25174996703296,93622,904,6.25174996703296,0,0,0,1,0,1,0
1,33,93807,900,6.24750831641346,93807,900,6.24750831641346,0,0,0,1,0,1,0
1,34,93588,899,6.24680846298277,93588,899,6.24680846298277,0,0,0,1,0,1,0
1,35,93729,900,6.24311165527949,93729,900,6.24311165527949,0,0,0,1,0,1,0
1,36,93896,899,6.24203179903226,93896,899,6.24203179903226,0,0,0,1,0,1,0
1,37,93356,899,6.23901405708099,93356,899,6.23901405708099,0,0,0,1,0,1,0
1,38,93513,896,6.23490271919444,93513,896,6.23490271919444,0,0,0,1,0,1,0
1,39,93661,893,6.23006345521802,93661,893,6.23006345521802,0,0,0,1,0,1,0
1,40,93749,888,6.22987036314197,93749,888,6.22987036314197,0,0,0,1,0,1,0
1,41,13998,258,4.80375724922935,13998,258,4.80375724922935,36.9333333333333,23.1333333333333,2.98458017013307,0.15,0.1,1,30
1,42,14062,251,4.79204223698025,14062,251,4.79204223698025,38.7,23.9,3.00498033656214,0.15,0.1,1,30
1,43,13984,247,4.77959445916573,13984,247,4.77959445916573,36.8,22.7333333333333,2.94608903330293,0.15,0.1,1,30
1,44,14051,242,4.76606925477576,14051,242,4.76606925477576,38.4333333333333,23.5666666666667,2.98730470301498,0.15,0.1,1,30
1,45,14066,242,4.76127038936044,14066,242,4.76127038936044,36.8666666666667,22.1333333333333,2.92804429765526,0.15,0.1,1,30
1,46,14089,239,4.74854504267256,14089,239,4.74854504267256,37.9666666666667,22.4666666666667,2.92609454933231,0.15,0.1,1,30
1,47,14007,236,4.74096606905621,14007,236,4.74096606905621,38.1666666666667,22.1,2.9089844227562,0.15,0.1,1,30
1,48,14044,233,4.73567590216383,14044,233,4.73567590216383,37.9,21.9333333333333,2.89579427758483,0.15,0.1,1,30
1,49,14128,232,4.72562115658152,14128,232,4.72562115658152,37.6666666666667,21.8,2.90050647243523,0.15,0.1,1,30
1,50,14119,227,4.71422485431191,14119,227,4.71422485431191,37.6,21.8666666666667,2.90488961955501,0.15,0.1,1,30
1,51,13987,221,4.70787306796968,13987,221,4.70787306796968,37.9,22.0666666666667,2.91899285654148,0.15,0.1,1,30
1,52,13973,220,4.708271019457,13973,220,4.708271019457,37.2,22.5666666666667,2.93878378758903,0.15,0.1,1,30
1,53,14029,219,4.70687526263546,14029,219,4.70687526263546,38.0666666666667,22.7666666666667,2.94459893258001,0.15,0.1,1,30
1,54,13967,219,4.70591664046081,13967,219,4.70591664046081,36.7,22.1,2.91659434184212,0.15,0.1,1,30
1,55,14000,218,4.70354409997061,14000,218,4.70354409997061,38.5333333333333,22.7333333333333,2.94120004630979,0.15,0.1,1,30
1,56,14086,216,4.69797261728501,14086,216,4.69797261728501,38.0333333333333,22.6666666666667,2.93673512376906,0.15,0.1,1,30
1,57,14090,216,4.69358443848851,14090,216,4.69358443848851,37.9,23.0333333333333,2.95108588704211,0.15,0.1,1,30
1,58,14095,214,4.68791549223865,14095,214,4.68791549223865,37.7,22.4333333333333,2.92236535817353,0.15,0.1,1,30
1,59,14145,212,4.67341776420219,14145,212,4.67341776420219,37.5666666666667,22.3333333333333,2.91097208336661,0.15,0.1,1,30
1,60,14095,209,4.66749501228722,14095,209,4.66749501228722,38.1333333333333,22,2.90112667314193,0.15,0.1,1,30
1,61,14067,206,4.653581740158,14067,206,4.653581740158,37.4,21.9333333333333,2.90684883190917,0.15,0.1,1,30
1,62,14014,205,4.64574873810453,14014,205,4.64574873810453,37.3333333333333,21.6333333333333,2.88314832299418,0.15,0.1,1,30
1,63,14019,205,4.64373876792707,14019,205,4.64373876792707,37.3,22.0333333333333,2.90674582322273,0.15,0.1,1,30
1,64,14113,206,4.64921940354954,14113,206,4.64921940354954,38.4,22.9,2.94880094218429,0.15,0.1,1,30
1,65,14071,204,4.64444179551093,14071,204,4.64444179551093,36.5,22.5666666666667,2.94738196294923,0.15,0.1,1,30
1,66,14033,202,4.63715863527277,14033,202,4.63715863527277,35.6333333333333,21.9,2.92301111438453,0.15,0.1,1,30
1,67,14041,199,4.62882932853768,14041,199,4.62882932853768,38.4,23.1333333333333,2.95781963046685,0.15,0.1,1,30
1,68,13992,199,4.61432643313021,13992,199,4.61432643313021,37.2666666666667,21.9666666666667,2.90529360650436,0.15,0.1,1,30
1,69,14006,197,4.61163831146528,14006,197,4.61163831146528,37.5666666666667,22.6,2.93797793092728,0.15,0.1,1,30
1,70,14045,195,4.6043937647977,14045,195,4.6043937647977,37.8666666666667,22.6666666666667,2.93883568708944,0.15,0.1,1,30
1,71,14166,193,4.5967739873284,14166,193,4.5967739873284,38.2666666666667,22.9,2.9659759338397,0.15,0.1,1,30
1,72,14064,193,4.59053549850418,14064,193,4.59053549850418,38.3333333333333,22.9333333333333,2.95644029424169,0.15,0.1,1,30
1,73,14024,192,4.58770534166534,14024,192,4.58770534166534,37.7666666666667,22.4666666666667,2.94528044550335,0.15,0.1,1,30
1,74,14068,189,4.58185382428735,14068,189,4.58185382428735,37.0666666666667,22.2333333333333,2.94155349336709,0.15,0.1,1,30
1,75,14110,189,4.57504801581284,14110,189,4.57504801581284,37.6666666666667,23.1333333333333,2.98315879550748,0.15,0.1,1,30
1,76,14146,188,4.55976382994624,14146,188,4.55976382994624,38.0333333333333,23,2.97493517976594,0.15,0.1,1,30
1,77,14013,186,4.55484154939228,14013,186,4.55484154939228,37.8,22.8,2.9675550784348,0.15,0.1,1,30
1,78,13982,186,4.55049713301955,13982,186,4.55049713301955,37.8333333333333,22.9,2.96955524693422,0.15,0.1,1,30
1,79,14077,187,4.54596650180818,14077,187,4.54596650180818,36.5666666666667,22.1,2.93761803955996,0.15,0.1,1,30
1,80,14004,188,4.54385254082186,14004,188,4.54385254082186,37.9666666666667,22.7333333333333,2.95739886004479,0.15,0.1,1,30
1,81,14010,189,4.54094517118487,14010,189,4.54094517118487,36.9,22.2,2.94369241949196,0.15,0.1,1,30
1,82,14025,187,4.53826522003809,14025,187,4.53826522003809,37.7666666666667,22.2666666666667,2.93821849215677,0.15,0.1,1,30
1,83,13902,187,4.54086380842841,13902,187,4.54086380842841,36.1333333333333,21.8666666666667,2.93277959015701,0.15,0.1,1,30
1,84,14137,186,4.53245520989188,14137,186,4.53245520989188,35.9,20.9,2.88282669462623,0.15,0.1,1,30
1,85,14083,188,4.5360656391414,14083,188,4.5360656391414,36.8333333333333,21.6666666666667,2.90961715491611,0.15,0.1,1,30
1,86,14071,186,4.52740492510496,14071,186,4.52740492510496,36.6666666666667,21.8666666666667,2.92330118973374,0.15,0.1,1,30
1,87,14012,184,4.52457017775304,14012,184,4.52457017775304,37.3666666666667,22.3333333333333,2.95345908504606,0.15,0.1,1,30
1,88,14105,186,4.52379836088145,14105,186,4.52379836088145,37.2,21.6333333333333,2.90217586136409,0.15,0.1,1,30
1,89,14034,183,4.51186767474044,14034,183,4.51186767474044,37.2333333333333,22,2.92327679024671,0.15,0.1,1,30
1,90,14001,183,4.50749011294781,14001,183,4.50749011294781,37.0333333333333,21.7333333333333,2.91549633711469,0.15,0.1,1,30
1,91,14054,181,4.51120001482834,14054,181,4.51120001482834,36.9,21.9,2.91666441922408,0.15,0.1,1,30
1,92,13957,181,4.49770230729899,13957,181,4.49770230729899,37.9333333333333,21.9333333333333,2.92733917579762,0.15,0.1,1,30
1,93,14007,180,4.49494225780951,14007,180,4.49494225780951,37.5666666666667,21.9666666666667,2.92999513966815,0.15,0.1,1,30
1,94,14079,179,4.49063249546824,14079,179,4.49063249546824,37.9,21.2666666666667,2.8851375488055,0.15,0.1,1,30
1,95,13967,176,4.48270339906392,13967,176,4.48270339906392,37.9666666666667,21.2333333333333,2.87973098335954,0.15,0.1,1,30
1,96,14008,175,4.47947106658208,14008,175,4.47947106658208,37.6666666666667,21.4333333333333,2.89396158166175,0.15,0.1,1,30
1,97,14042,174,4.47180050365444,14042,174,4.47180050365444,36.7666666666667,21.7666666666667,2.90860923190808,0.15,0.1,1,30
1,98,14069,172,4.47275058586144,14069,172,4.47275058586144,36.9333333333333,21.6,2.90644692465808,0.15,0.1,1,30
1,99,14101,171,4.4628750305151,14101,171,4.4628750305151,37.4,21.3333333333333,2.88516428540515,0.15,0.1,1,30
1,100,14033,171,4.4563050009091,14033,171,4.4563050009091,36.5666666666667,21.2333333333333,2.88699540975352,0.15,0.1,1,30
2,1,5000,991,6.79399483711091,5000,991,6.79399483711091,0,0,0,1,0,1,0
2,2,6139,978,6.75461820972511,6139,978,6.75461820972511,0,0,0,1,0,1,0
2,3,7577,974,6.73176383011737,7577,974,6.73176383011737,0,0,0,1,0,1,0
2,4,9426,971,6.71225992426397,9426,971,6.71225992426397,0,0,0,1,0,1,0
2,5,11492,967,6.69131850473289,11492,967,6.69131850473289,0,0,0,1,0,1,0
2,6,14198,959,6.66696902201667,14198,959,6.66696902201667,0,0,0,1,0,1,0
2,7,17529,955,6.64343994102531,17529,955,6.64343994102531,0,0,0,1,0,1,0
2,8,21666,953,6.61945746118772,21666,953,6.61945746118772,0,0,0,1,0,1,0
2,9,27048,947,6.5976899537624,27048,947,6.5976899537624,0,0,0,1,0,1,0
2,10,33449,943,6.57065907864569,33449,943,6.57065907864569,0,0,0,1,0,1,0
2,11,40868,944,6.53652781852493,40868,944,6.53652781852493,0,0,0,1,0,1,0
2,12,49310,942,6.49667235242637,49310,942,6.49667235242637,0,0,0,1,0,1,0
2,13,58934,936,6.45356300598587,58934,936,6.45356300598587,0,0,0,1,0,1,0
2,14,69385,934,6.39660836663561,69385,934,6.39660836663561,0,0,0,1,0,1,0
2,15,79334,933,6.34059385301189,79334,933,6.34059385301189,0,0,0,1,0,1,0
2,16,86635,931,6.29476537133042,86635,931,6.29476537133042,0,0,0,1,0,1,0
2,17,90653,930,6.27859523885955,90653,930,6.27859523885955,0,0,0,1,0,1,0
2,18,91487,927,6.26613360526854,91487,927,6.26613360526854,0,0,0,1,0,1,0
2,19,92680,925,6.25495575491371,92680,925,6.25495575491371,0,0,0,1,0,1,0
2,20,93325,922,6.25065151379866,93325,922,6.25065151379866,0,0,0,1,0,1,0
2,21,93039,920,6.24153112261623,93039,920,6.24153112261623,0,0,0,1,0,1,0
2,22,93613,918,6.235354620842,93613,918,6.235354620842,0,0,0,1,0,1,0
2,23,93534,916,6.22992506564303,93534,916,6.22992506564303,0,0,0,1,0,1,0
2,24,93400,913,6.22536493958636,93400,913,6.22536493958636,0,0,0,1,0,1,0
2,25,93455,913,6.22123917742754,93455,913,6.22123917742754,0,0,0,1,0,1,0
2,26,93433,913,6.21836484631159,93433,913,6.21836484631159,0,0,0,1,0,1,0
2,27,93849,913,6.21229295823931,93849,913,6.21229295823931,0,0,0,1,0,1,0
2,28,93633,911,6.20761299949673,93633,911,6.20761299949673,0,0,0,1,0,1,0
2,29,93869,912,6.2032201509668,93869,912,6.2032201509668,0,0,0,1,0,1,0
2,30,93464,907,6.19799593370315,93464,907,6.19799593370315,0,0,0,1,0,1,0
2,31,93877,908,6.1981434495811,93877,908,6.1981434495811,0,0,0,1,0,1,0
2,32,93498,906,6.19244557135158,93498,906,6.19244557135158,0,0,0,1,0,1,0
2,33,93816,906,6.18677354777185,93816,906,6.18677354777185,0,0,0,1,0,1,0
2,34,93762,905,6.18110019247407,93762,905,6.18110019247407,0,0,0,1,0,1,0
2,35,93697,904,6.1790025236803,93697,904,6.1790025236803,0,0,0,1,0,1,0
2,36,93631,900,6.17768290106697,93631,900,6.17768290106697,0,0,0,1,0,1,0
2,37,93815,902,6.17209664645871,93815,902,6.17209664645871,0,0,0,1,0,1,0
2,38,93583,899,6.16444572266502,93583,899,6.16444572266502,0,0,0,1,0,1,0
2,39,93622,898,6.16288612819356,93622,898,6.16288612819356,0,0,0,1,0,1,0
2,40,93772,893,6.15530341893045,93772,893,6.15530341893045,0,0,0,1,0,1,0
2,41,14021,506,5.74628822781737,1078.53846153846,88,3.73166766324742,36.9,25.2,3.09453436820789,0.15,0.2,13,30
2,42,13903,498,5.73543797615922,1069.46153846154,83.9230769230769,3.65883521833989,36.4666666666667,24.1666666666667,3.04793418411387,0.15,0.2,13,30
2,43,13921,498,5.72748386982737,1070.84615384615,81.0769230769231,3.6241381585165,36.8,23.4,3.01031230795058,0.15,0.2,13,30
2,44,13879,492,5.71376240494806,1067.61538461538,78.9230769230769,3.58700621830373,36.1,23,2.98796869743009,0.15,0.2,13,30
2,45,13910,486,5.70520464820362,1070,76.3846153846154,3.51804471817586,37.2666666666667,23.4333333333333,3.00495404903064,0.15,0.2,13,30
2,46,13733,485,5.70082919173045,1056.38461538462,75.1538461538462,3.52372952978026,36.4,22.9666666666667,2.9837868320591,0.15,0.2,13,30
2,47,13756,476,5.69019526815501,1058.15384615385,73.3076923076923,3.48533114893583,36.6333333333333,23.5,3.00077949827263,0.15,0.2,13,30
2,48,13771,474,5.68062974495914,1059.30769230769,71.7692307692308,3.43391146145818,35.9,23.2666666666667,2.99821454436368,0.15,0.2,13,30
2,49,13793,463,5.66559962802845,1061,69.6153846153846,3.37046238688315,36.8,23.0333333333333,2.97888734137273,0.15,0.2,13,30
2,50,13765,460,5.65057880618567,1058.84615384615,68.0769230769231,3.3289497292231,37.1,23.6333333333333,3.01033446312852,0.15,0.2,13,30
2,51,13719,455,5.63914617519897,1055.30769230769,67,3.30145199419692,37.5,23.3,2.98407222513655,0.15,0.2,13,30
2,52,13653,452,5.63517139412005,1050.23076923077,66,3.25996164129344,36.9333333333333,23.4333333333333,2.99505192660867,0.15,0.2,13,30
2,53,13752,447,5.6356693408435,1057.84615384615,64.2307692307692,3.23661747791042,36.2,23.0333333333333,2.97370745541301,0.15,0.2,13,30
2,54,13650,443,5.62363268401804,1050,62.1538461538462,3.15532443779402,36.4333333333333,22.4333333333333,2.93766178747497,0.15,0.2,13,30
2,55,13756,432,5.61962013654955,1058.15384615385,61.3076923076923,3.16065648874603,36.4333333333333,22.2333333333333,2.92483923056366,0.15,0.2,13,30
2,56,13729,429,5.61066275649785,1056.07692307692,60.5384615384616,3.13013184084393,36.9,22.4666666666667,2.93554635678238,0.15,0.2,13,30
2,57,13687,428,5.60124770094478,1052.84615384615,60.3846153846154,3.14008356530887,37.2333333333333,22.3333333333333,2.93322992881878,0.15,0.2,13,30
2,58,13763,424,5.59797453533051,1058.69230769231,59.3076923076923,3.09866317509792,37.1333333333333,22.5333333333333,2.93263471971132,0.15,0.2,13,30
2,59,13634,420,5.58198927654409,1048.76923076923,58.9230769230769,3.09779002472656,36.5666666666667,22.7,2.95080596171792,0.15,0.2,13,30
2,60,13698,417,5.57677837349298,1053.69230769231,57.8461538461539,3.07390773677815,37.3,23.0333333333333,2.96239678077034,0.15,0.2,13,30
2,61,13739,414,5.56888922583694,1056.84615384615,57.4615384615385,3.09561669582659,37.1666666666667,23.3666666666667,2.98113987655355,0.15,0.2,13,30
2,62,13739,411,5.5634946445738,1056.84615384615,57.3076923076923,3.08729678623176,36.8333333333333,22.7333333333333,2.95281744293508,0.15,0.2,13,30
2,63,13683,408,5.56106464772115,1052.53846153846,56.5384615384615,3.06729320848374,36.5333333333333,22.8,2.95523710078416,0.15,0.2,13,30
2,64,13714,406,5.5467268586354,1054.92307692308,56,3.05615465443052,36.7,22.5333333333333,2.94125549616522,0.15,0.2,13,30
2,65,13729,403,5.55032875742894,1056.07692307692,55.2307692307692,3.06916887966422,36.6666666666667,22.0666666666667,2.91179865408454,0.15,0.2,13,30
2,66,13702,402,5.53939710774178,1054,54.3076923076923,3.03566952779946,36,21.2333333333333,2.87851607184679,0.15,0.2,13,30
2,67,13635,401,5.53502799443258,1048.84615384615,54.0769230769231,3.04229793015567,36.2,21.3666666666667,2.87824260070564,0.15,0.2,13,30
2,68,13779,394,5.52993613674776,1059.92307692308,53.0769230769231,3.00987596024455,36.9,22.2666666666667,2.91849091798514,0.15,0.2,13,30
2,69,13590,393,5.53112457138575,1045.38461538462,52.8461538461539,3.00938105293782,36.1333333333333,21.9,2.91216523489182,0.15,0.2,13,30
2,70,13817,391,5.51475838642407,1062.84615384615,52.3846153846154,2.99202401422534,36.9666666666667,21.9666666666667,2.89071081975759,0.15,0.2,13,30
2,71,13729,391,5.50356197163728,1056.07692307692,51.6153846153846,2.97470611111761,37.1,22.2666666666667,2.91606466073728,0.15,0.2,13,30
2,72,13682,391,5.49670824669351,1052.46153846154,51.6153846153846,2.96437126060141,37,22.1333333333333,2.89515113660787,0.15,0.2,13,30
2,73,13695,389,5.49708131268121,1053.46153846154,51.7692307692308,2.98708679143866,36,21.6666666666667,2.88088102725957,0.15,0.2,13,30
2,74,13754,385,5.48436183566065,1058,51.3076923076923,2.9769891999796,37.7333333333333,22.1,2.89435750908143,0.15,0.2,13,30
2,75,13684,383,5.48597458897423,1052.61538461538,51.3076923076923,2.99937105476541,36.1666666666667,21.1333333333333,2.8557869239971,0.15,0.2,13,30
2,76,13740,383,5.47412872029716,1056.92307692308,51.4615384615385,3.03053738861624,37.9333333333333,21.7666666666667,2.8933078547292,0.15,0.2,13,30
2,77,13838,380,5.47591317083783,1064.46153846154,50.6153846153846,2.99430434067584,38.2,22.5,2.92637954198363,0.15,0.2,13,30
2,78,13650,378,5.46838554761365,1050,49.3076923076923,2.90808892308062,37.6333333333333,22.2666666666667,2.91415590966651,0.15,0.2,13,30
2,79,13747,377,5.46704250312093,1057.46153846154,49.6153846153846,2.91845005876626,37.7333333333333,22.2666666666667,2.92775968589949,0.15,0.2,13,30
2,80,13662,375,5.46435712666727,1050.92307692308,49.1538461538462,2.91336606606225,37,21.6666666666667,2.89059550210945,0.15,0.2,13,30
2,81,13566,373,5.45353500937246,1043.53846153846,48.5384615384615,2.89344839798868,36.1333333333333,21.2666666666667,2.86254349325712,0.15,0.2,13,30
2,82,13671,370,5.44602318745268,1051.61538461538,48,2.92577980973002,36.8333333333333,21.2,2.84411755347162,0.15,0.2,13,30
2,83,13663,368,5.4452604540172,1051,47.3076923076923,2.87449717114599,37.3333333333333,21.7,2.87763897240207,0.15,0.2,13,30
2,84,13786,368,5.43547270552909,1060.46153846154,47.2307692307692,2.76551861386068,37.9333333333333,22.4,2.90271561021174,0.15,0.2,13,30
2,85,13673,363,5.43137904672479,1051.76923076923,47.1538461538462,2.78815535859641,37.5333333333333,21.7333333333333,2.88752810012771,0.15,0.2,13,30
2,86,13769,360,5.4176900116904,1059.15384615385,47,2.85421840347694,37.2333333333333,21.3666666666667,2.85804796362627,0.15,0.2,13,30
2,87,13758,358,5.41514011476807,1058.30769230769,46,2.83226305850623,37.8,21.5333333333333,2.86254218831711,0.15,0.2,13,30
2,88,13674,358,5.40870863280545,1051.84615384615,46.2307692307692,2.84801349185963,37.2,21.0333333333333,2.84024636152269,0.15,0.2,13,30
2,89,13745,357,5.40944614288753,1057.30769230769,45.9230769230769,2.81121790013814,37.1666666666667,20.8666666666667,2.83300010935055,0.15,0.2,13,30
2,90,13711,360,5.40548032818003,1054.69230769231,46.1538461538462,2.81424102945687,36.9,20.6666666666667,2.83646792915855,0.15,0.2,13,30
2,91,13746,355,5.39557114087504,1057.38461538462,45.1538461538462,2.76773025569445,36.2333333333333,20.2666666666667,2.79895174312877,0.15,0.2,13,30
2,92,13744,354,5.39250351014456,1057.23076923077,44.7692307692308,2.78340012061339,36.4,20.1333333333333,2.79360714634785,0.15,0.2,13,30
2,93,13759,349,5.39004576744354,1058.38461538462,44.9230769230769,2.79985449154309,35.7333333333333,19.5333333333333,2.77200631020805,0.15,0.2,13,30
2,94,13707,347,5.38585059177088,1054.38461538462,44.0769230769231,2.7592663623042,36.7,20.2333333333333,2.78914561586402,0.15,0.2,13,30
2,95,13756,345,5.37824693476024,1058.15384615385,43.5384615384615,2.73460976639,36.3,20.2666666666667,2.79279089528957,0.15,0.2,13,30
2,96,13734,343,5.36724507462593,1056.46153846154,43,2.69722703511536,36.1333333333333,20.6666666666667,2.81979189285452,0.15,0.2,13,30
2,97,13743,341,5.35745790429108,1057.15384615385,43,2.7040174142815,36.5,20.9333333333333,2.84361314151866,0.15,0.2,13,30
2,98,13824,341,5.35527648222811,1063.38461538462,43.3846153846154,2.722758667641,36.9333333333333,21.2,2.85915010992556,0.15,0.2,13,30
2,99,13687,337,5.35261150467571,1052.84615384615,42.7692307692308,2.71797545239264,37.5666666666667,21.4666666666667,2.86578697297312,0.15,0.2,13,30
2,100,13609,332,5.34951296318007,1046.84615384615,42.8461538461538,2.76784440805595,36.0333333333333,20.8333333333333,2.84723527944861,0.15,0.2,13,30
3,1,5000,993,6.80547186575764,5000,993,6.80547186575764,0,0,0,1,0,1,0
3,2,6161,987,6.779225554169,6161,987,6.779225554169,0,0,0,1,0,1,0
3,3,7555,978,6.75152920628224,7555,978,6.75152920628224,0,0,0,1,0,1,0
3,4,9401,973,6.73129625722263,9401,973,6.73129625722263,0,0,0,1,0,1,0
3,5,11520,970,6.7121118505201,11520,970,6.7121118505201,0,0,0,1,0,1,0
3,6,14264,965,6.69495380582615,14264,965,6.69495380582615,0,0,0,1,0,1,0
3,7,17616,966,6.67793525704125,17616,966,6.67793525704125,0,0,0,1,0,1,0
3,8,21741,962,6.65870707025468,21741,962,6.65870707025468,0,0,0,1,0,1,0
3,9,27000,961,6.63804844596478,27000,961,6.63804844596478,0,0,0,1,0,1,0
3,10,33468,959,6.61550133823329,33468,959,6.61550133823329,0,0,0,1,0,1,0
3,11,41138,957,6.58558307028959,41138,957,6.58558307028959,0,0,0,1,0,1,0
3,12,49870,957,6.54626896413844,49870,957,6.54626896413844,0,0,0,1,0,1,0
3,13,59863,956,6.49989320663195,59863,956,6.49989320663195,0,0,0,1,0,1,0
3,14,70987,956,6.4490004152271,70987,956,6.4490004152271,0,0,0,1,0,1,0
3,15,80914,954,6.39469881812963,80914,954,6.39469881812963,0,0,0,1,0,1,0
3,16,87307,953,6.3650941133511,87307,953,6.3650941133511,0,0,0,1,0,1,0
3,17,90231,950,6.35376989942291,90231,950,6.35376989942291,0,0,0,1,0,1,0
3,18,91170,949,6.34330922659428,91170,949,6.34330922659428,0,0,0,1,0,1,0
3,19,92498,948,6.3351144780532,92498,948,6.3351144780532,0,0,0,1,0,1,0
3,20,93266,947,6.32729879355515,93266,947,6.32729879355515,0,0,0,1,0,1,0
3,21,93080,947,6.31954946175232,93080,947,6.31954946175232,0,0,0,1,0,1,0
3,22,93526,943,6.31558906675116,93526,943,6.31558906675116,0,0,0,1,0,1,0
3,23,93336,942,6.30845523262506,93336,942,6.30845523262506,0,0,0,1,0,1,0
3,24,93506,943,6.30237551660646,93506,943,6.30237551660646,0,0,0,1,0,1,0
3,25,93505,940,6.29901893786494,93505,940,6.29901893786494,0,0,0,1,0,1,0
3,26,93746,940,6.29318883856532,93746,940,6.29318883856532,0,0,0,1,0,1,0
3,27,93483,938,6.28768878249428,93483,938,6.28768878249428,0,0,0,1,0,1,0
3,28,93751,936,6.28216302125406,93751,936,6.28216302125406,0,0,0,1,0,1,0
3,29,93287,933,6.27915637784424,93287,933,6.27915637784424,0,0,0,1,0,1,0
3,30,93370,932,6.2703712739686,93370,932,6.2703712739686,0,0,0,1,0,1,0
3,31,93572,927,6.27022129506045,93572,927,6.27022129506045,0,0,0,1,0,1,0
3,32,93710,925,6.26389406007102,93710,925,6.26389406007102,0,0,0,1,0,1,0
3,33,93822,923,6.26198552381666,93822,923,6.26198552381666,0,0,0,1,0,1,0
3,34,93801,922,6.2589274347669,93801,922,6.2589274347669,0,0,0,1,0,1,0
3,35,93405,921,6.25481133354464,93405,921,6.25481133354464,0,0,0,1,0,1,0
3,36,93480,917,6.24993238539218,93480,917,6.24993238539218,0,0,0,1,0,1,0
3,37,93760,913,6.24392248848298,93760,913,6.24392248848298,0,0,0,1,0,1,0
3,38,93525,913,6.23937250917965,93525,913,6.23937250917965,0,0,0,1,0,1,0
3,39,93749,912,6.24120678637552,93749,912,6.24120678637552,0,0,0,1,0,1,0
3,40,93766,910,6.23651573495626,93766,910,6.23651573495626,0,0,0,1,0,1,0
3,41,14055,571,5.75143004750128,1171.25,78.75,3.55641735646933,37.4333333333333,23.5333333333333,3.0085190133923,0.15,0.3,12,30
3,42,13917,562,5.72253144286589,1159.75,74.6666666666667,3.45091573084291,36.7333333333333,22.7666666666667,2.97849665822456,0.15,0.3,12,30
3,43,13939,556,5.70799411227394,1161.58333333333,72.4166666666667,3.42279225515975,36.9333333333333,22.4333333333333,2.95660388553595,0.15,0.3,12,30
3,44,13881,551,5.68643224327867,1156.75,69.25,3.31604228813981,36.7666666666667,22.5,2.94271236762082,0.15,0.3,12,30
3,45,13836,544,5.67976619636132,1153,65.8333333333333,3.15468361558689,36.7333333333333,22.6,2.94293292370103,0.15,0.3,12,30
3,46,13878,539,5.66458189324641,1156.5,64.8333333333333,3.12177982627406,36.5,22,2.91864397389468,0.15,0.3,12,30
3,47,13844,531,5.64548336846921,1153.66666666667,62.25,3.01700743611958,36.2,21.9666666666667,2.91133372391333,0.15,0.3,12,30
3,48,13919,522,5.62770117531742,1159.91666666667,61,2.96939978838165,37.4333333333333,22.6333333333333,2.93405768678464,0.15,0.3,12,30
3,49,13791,511,5.62021194429715,1149.25,60.1666666666667,2.99173067360573,36.4666666666667,22.6666666666667,2.94322476724301,0.15,0.3,12,30
3,50,13934,504,5.61006316639472,1161.16666666667,59.9166666666667,3.00958058628863,37.7,22.6,2.92699585978875,0.15,0.3,12,30
3,51,13896,498,5.5897990696045,1158,57.9166666666667,2.9398441630649,36.3,21.6,2.88496600350949,0.15,0.3,12,30
3,52,13843,496,5.58764851766752,1153.58333333333,57.6666666666667,2.93829508049554,35.9333333333333,21.8,2.89820757355595,0.15,0.3,12,30
3,53,13772,496,5.57567122688704,1147.66666666667,57.4166666666667,2.92472167155471,36.1666666666667,22.1,2.91143540560955,0.15,0.3,12,30
3,54,13712,494,5.55624277188603,1142.66666666667,56.4166666666667,2.89104427393541,36.4,21.7,2.90336528702832,0.15,0.3,12,30
3,55,13746,490,5.54772790930589,1145.5,55.8333333333333,2.87923567060866,36.1666666666667,21.5666666666667,2.9014381375237,0.15,0.3,12,30
3,56,13723,487,5.53942588729772,1143.58333333333,55.3333333333333,2.87915568895221,37.0333333333333,22.2,2.93006521570965,0.15,0.3,12,30
3,57,13817,486,5.53335945881612,1151.41666666667,54.9166666666667,2.86522144715307,36.8,21.9333333333333,2.92333775449158,0.15,0.3,12,30
3,58,13730,483,5.51585500103164,1144.16666666667,54.25,2.81114370858275,35.9333333333333,21.6333333333333,2.91188677771792,0.15,0.3,12,30
3,59,13912,480,5.4999339220581,1159.33333333333,54.0833333333333,2.76159774422255,36.9333333333333,21.9666666666667,2.91125979186147,0.15,0.3,12,30
3,60,13733,472,5.48683303209808,1144.41666666667,53.6666666666667,2.81998190500127,36.9666666666667,21.7,2.90061183682155,0.15,0.3,12,30
3,61,13809,467,5.47639541248186,1150.75,52.25,2.76213416375245,36.7666666666667,21.3666666666667,2.88109774503273,0.15,0.3,12,30
3,62,13768,461,5.46174253067141,1147.33333333333,50.9166666666667,2.72909594154201,36.8666666666667,21.8,2.89026881375172,0.15,0.3,12,30
3,63,13748,455,5.46005022544784,1145.66666666667,50.3333333333333,2.72011441446671,36.9333333333333,21.8,2.89633608373206,0.15,0.3,12,30
3,64,13789,443,5.44665193373674,1149.08333333333,49.5833333333333,2.76164132689016,36.3,21.2666666666667,2.86268995725823,0.15,0.3,12,30
3,65,13737,441,5.43641526886432,1144.75,48.9166666666667,2.7275794996547,36.7,21.7333333333333,2.87987088447705,0.15,0.3,12,30
3,66,13746,438,5.43173856916823,1145.5,48.9166666666667,2.76261944408624,36.1,21.3,2.86855423939514,0.15,0.3,12,30
3,67,13769,437,5.42723957305906,1147.41666666667,48.6666666666667,2.75294119274624,36.4333333333333,21,2.85004510367861,0.15,0.3,12,30
3,68,13782,431,5.41824315773454,1148.5,48.3333333333333,2.77944509431692,35.9666666666667,20.2333333333333,2.80651525624364,0.15,0.3,12,30
3,69,13725,423,5.40639445364977,1143.75,47.25,2.72164243326589,36.0333333333333,20.3333333333333,2.81511927919014,0.15,0.3,12,30
3,70,13683,418,5.39571094259503,1140.25,46.9166666666667,2.67427455241752,35.5,20.1666666666667,2.79135285175022,0.15,0.3,12,30
3,71,13689,409,5.38901229163667,1140.75,45.9166666666667,2.60854341743702,36.9333333333333,20.5333333333333,2.81183715863727,0.15,0.3,12,30
3,72,13748,401,5.37272675935078,1145.66666666667,44,2.37335488586749,36.5333333333333,20.2333333333333,2.78997867424971,0.15,0.3,12,30
3,73,13653,401,5.37238041597623,1137.75,44.3333333333333,2.48677941739962,36.4,20.5666666666667,2.81673680406662,0.15,0.3,12,30
3,74,13650,397,5.36205273903892,1137.5,43.8333333333333,2.46576615478572,36.3333333333333,20.1333333333333,2.78249234833481,0.15,0.3,12,30
3,75,13705,398,5.3565499651069,1142.08333333333,43.5,2.41513307099685,37.1666666666667,20.8333333333333,2.82099403208006,0.15,0.3,12,30
3,76,13609,395,5.34534312290534,1134.08333333333,44.0833333333333,2.49219570135287,36,20.8666666666667,2.83716561684355,0.15,0.3,12,30
3,77,13791,396,5.35233985160521,1149.25,44.1666666666667,2.50288653123415,37.1,21.4666666666667,2.86770032955494,0.15,0.3,12,30
3,78,13781,395,5.34854734231468,1148.41666666667,44,2.58817249430027,37.6666666666667,21.7333333333333,2.88065940531313,0.15,0.3,12,30
3,79,13707,395,5.34957909701453,1142.25,44,2.58633869875171,36.6666666666667,21.7,2.88326145373491,0.15,0.3,12,30
3,80,13722,392,5.34266039791122,1143.5,43.6666666666667,2.49731803388259,35.8333333333333,21.2333333333333,2.86618855952398,0.15,0.3,12,30
3,81,13665,389,5.34381627566628,1138.75,43.1666666666667,2.49361731620771,36.1,21.2,2.87215040401559,0.15,0.3,12,30
3,82,13772,386,5.34043383979724,1147.66666666667,43.1666666666667,2.49428820599703,36.7666666666667,21.3666666666667,2.87477526286164,0.15,0.3,12,30
3,83,13826,385,5.33757202150406,1152.16666666667,42.6666666666667,2.45947116890973,37.9,21.4,2.86872514731014,0.15,0.3,12,30
3,84,13691,382,5.33431564594951,1140.91666666667,41.8333333333333,2.40693952461555,36.6,20.7,2.84437712435126,0.15,0.3,12,30
3,85,13755,376,5.31747174181999,1146.25,41.4166666666667,2.4755954377224,36.8666666666667,20.5,2.82809332325054,0.15,0.3,12,30
3,86,13678,372,5.30911282179035,1139.83333333333,40.9166666666667,2.54849170527284,36.5666666666667,20.6333333333333,2.82314483166807,0.15,0.3,12,30
3,87,13750,368,5.3051049735737,1145.83333333333,40.6666666666667,2.56975414806842,35.8333333333333,20.3666666666667,2.82546818203582,0.15,0.3,12,30
3,88,13649,369,5.29766353528966,1137.41666666667,40.4166666666667,2.50088527373548,36.2,19.9333333333333,2.80744017272084,0.15,0.3,12,30
3,89,13754,364,5.29361742488239,1146.16666666667,40.5,2.46840410715553,36.5,20.6,2.8309791281937,0.15,0.3,12,30
3,90,13756,363,5.29101326291662,1146.33333333333,40.5833333333333,2.54332476108509,36.6666666666667,20.5666666666667,2.82792609987748,0.15,0.3,12,30
3,91,13638,359,5.27806274501295,1136.5,40.1666666666667,2.4689010269689,35.9666666666667,20.9666666666667,2.8672578859394,0.15,0.3,12,30
3,92,13740,358,5.27730107225051,1145,40.0833333333333,2.49213116516384,35.9666666666667,20.6333333333333,2.84671854722459,0.15,0.3,12,30
3,93,13602,358,5.2779715171695,1133.5,40,2.47467566092015,35.5333333333333,21.1333333333333,2.8734768043604,0.15,0.3,12,30
3,94,13653,354,5.26899315010106,1137.75,39.75,2.48257792590255,36.7333333333333,21.2333333333333,2.8603690098221,0.15,0.3,12,30
3,95,13743,351,5.26516981498705,1145.25,39.4166666666667,2.47598851757763,36.2666666666667,21,2.86173940672933,0.15,0.3,12,30
3,96,13694,347,5.25832202541454,1141.16666666667,38.9166666666667,2.47466411038742,36,20.3333333333333,2.82359589338066,0.15,0.3,12,30
3,97,13636,344,5.25253262104011,1136.33333333333,38.5,2.47445038458059,36.9,20.2,2.80759759139322,0.15,0.3,12,30
3,98,13741,342,5.24766776706142,1145.08333333333,38.0833333333333,2.43481756261146,35.8333333333333,19.6,2.77820742142638,0.15,0.3,12,30
3,99,13691,341,5.23924496439919,1140.91666666667,38.0833333333333,2.42832536456491,35.4666666666667,20,2.7954569341206,0.15,0.3,12,30
3,100,13791,339,5.23075932187591,1149.25,37.8333333333333,2.41559544058877,37.3666666666667,20.4,2.80972317401984,0.15,0.3,12,30
4,1,5000,989,6.79737757791366,5000,989,6.79737757791366,0,0,0,1,0,1,0
4,2,6070,981,6.76872024054925,6070,981,6.76872024054925,0,0,0,1,0,1,0
4,3,7486,970,6.73888726603946,7486,970,6.73888726603946,0,0,0,1,0,1,0
4,4,9324,967,6.71471488476411,9324,967,6.71471488476411,0,0,0,1,0,1,0
4,5,11340,961,6.6930169909075,11340,961,6.6930169909075,0,0,0,1,0,1,0
4,6,14056,961,6.67573307882806,14056,961,6.67573307882806,0,0,0,1,0,1,0
4,7,17341,959,6.65077580747762,17341,959,6.65077580747762,0,0,0,1,0,1,0
4,8,21519,955,6.62629730773927,21519,955,6.62629730773927,0,0,0,1,0,1,0
4,9,26837,954,6.60412339190414,26837,954,6.60412339190414,0,0,0,1,0,1,0
4,10,33249,951,6.5769205839245,33249,951,6.5769205839245,0,0,0,1,0,1,0
4,11,40777,949,6.54660382767865,40777,949,6.54660382767865,0,0,0,1,0,1,0
4,12,49223,949,6.50671934770141,49223,949,6.50671934770141,0,0,0,1,0,1,0
4,13,58807,948,6.46114506513449,58807,948,6.46114506513449,0,0,0,1,0,1,0
4,14,69244,948,6.40605599282312,69244,948,6.40605599282312,0,0,0,1,0,1,0
4,15,79049,945,6.35007429564318,79049,945,6.35007429564318,0,0,0,1,0,1,0
4,16,85954,943,6.3132033918226,85954,943,6.3132033918226,0,0,0,1,0,1,0
4,17,89186,942,6.29496167966751,89186,942,6.29496167966751,0,0,0,1,0,1,0
4,18,90873,939,6.28302908462364,90873,939,6.28302908462364,0,0,0,1,0,1,0
4,19,92163,939,6.26955524008385,92163,939,6.26955524008385,0,0,0,1,0,1,0
4,20,92941,936,6.26507079908605,92941,936,6.26507079908605,0,0,0,1,0,1,0
4,21,93212,934,6.25694721465617,93212,934,6.25694721465617,0,0,0,1,0,1,0
4,22,93347,933,6.25104662925372,93347,933,6.25104662925372,0,0,0,1,0,1,0
4,23,93504,932,6.24677800753422,93504,932,6.24677800753422,0,0,0,1,0,1,0
4,24,93369,929,6.23764331575852,93369,929,6.23764331575852,0,0,0,1,0,1,0
4,25,93481,928,6.23678473792435,93481,928,6.23678473792435,0,0,0,1,0,1,0
4,26,93453,924,6.23123076956547,93453,924,6.23123076956547,0,0,0,1,0,1,0
4,27,93657,922,6.22492173339043,93657,922,6.22492173339043,0,0,0,1,0,1,0
4,28,93864,922,6.22242640688654,93864,922,6.22242640688654,0,0,0,1,0,1,0
4,29,93981,919,6.21837696768162,93981,919,6.21837696768162,0,0,0,1,0,1,0
4,30,93619,917,6.21357624326445,93619,917,6.21357624326445,0,0,0,1,0,1,0
4,31,93734,911,6.20996439568112,93734,911,6.20996439568112,0,0,0,1,0,1,0
4,32,93511,907,6.20699450637544,93511,907,6.20699450637544,0,0,0,1,0,1,0
4,33,93867,904,6.20507774792463,93867,904,6.20507774792463,0,0,0,1,0,1,0
4,34,93691,900,6.2030433194695,93691,900,6.2030433194695,0,0,0,1,0,1,0
4,35,93547,898,6.19814307149648,93547,898,6.19814307149648,0,0,0,1,0,1,0
4,36,93630,897,6.19138843112206,93630,897,6.19138843112206,0,0,0,1,0,1,0
4,37,93692,889,6.18692889970975,93692,889,6.18692889970975,0,0,0,1,0,1,0
4,38,93491,890,6.18676698595071,93491,890,6.18676698595071,0,0,0,1,0,1,0
4,39,93583,888,6.18394842860582,93583,888,6.18394842860582,0,0,0,1,0,1,0
4,40,93376,884,6.18035436139516,93376,884,6.18035436139516,0,0,0,1,0,1,0
4,41,13994,455,5.69985761561737,1554.88888888889,95.4444444444444,3.85929966421568,36.9666666666667,24.5,3.06414971135504,0.15,0.4,9,30
4,42,14116,450,5.69113548269826,1568.44444444444,92.5555555555556,3.81825013161714,37,24.6333333333333,3.06488055776686,0.15,0.4,9,30
4,43,14002,447,5.68982972504048,1555.77777777778,89.7777777777778,3.75871354791868,36.7333333333333,25.1333333333333,3.09919571296549,0.15,0.4,9,30
4,44,13950,442,5.67742260199292,1550,88.2222222222222,3.72749395055326,36.4333333333333,25,3.10137515817936,0.15,0.4,9,30
4,45,13941,435,5.66571735768613,1549,85.5555555555556,3.64417707130392,37.1,25.2,3.10415827755677,0.15,0.4,9,30
4,46,13808,433,5.65471978835768,1534.22222222222,83.6666666666667,3.60741751295177,37.2333333333333,25.4333333333333,3.10808098001444,0.15,0.4,9,30
4,47,13883,429,5.64222851474982,1542.55555555556,82.7777777777778,3.57442321588761,36.1,24.9,3.08622154924629,0.15,0.4,9,30
4,48,13685,424,5.64300437275441,1520.55555555556,81.1111111111111,3.52069325811095,35.7666666666667,24.6,3.06599321512687,0.15,0.4,9,30
4,49,13782,415,5.63546285900547,1531.33333333333,78.6666666666667,3.47058757738749,36.4,24.6333333333333,3.06285010060895,0.15,0.4,9,30
4,50,13811,407,5.63024564842294,1534.55555555556,77.2222222222222,3.45095999558349,36.2666666666667,23.6666666666667,3.01089089473143,0.15,0.4,9,30
4,51,13791,403,5.61871429105005,1532.33333333333,75.5555555555556,3.39683304123627,36.2666666666667,23.7,3.01206730167558,0.15,0.4,9,30
4,52,13807,403,5.61356486143313,1534.11111111111,75.5555555555556,3.34888605431876,36.7666666666667,24.2,3.03034122403335,0.15,0.4,9,30
4,53,13755,401,5.60719351603512,1528.33333333333,74,3.30131935735005,37,24.7,3.0460290507183,0.15,0.4,9,30
4,54,13757,398,5.60720772933318,1528.55555555556,72.5555555555556,3.31038344728824,36.6333333333333,24.0666666666667,3.01813671655233,0.15,0.4,9,30
4,55,13730,396,5.59422014669276,1525.55555555556,72.8888888888889,3.33769141175371,36.3,23.7,3.01133834577989,0.15,0.4,9,30
4,56,13673,393,5.58356509139576,1519.22222222222,71.3333333333333,3.29081182883659,36.5,23.4333333333333,2.99486241377126,0.15,0.4,9,30
4,57,13789,391,5.57293881041075,1532.11111111111,71,3.27487863233619,36.2666666666667,23.4333333333333,2.99643344403751,0.15,0.4,9,30
4,58,13667,388,5.5689890850181,1518.55555555556,69.3333333333333,3.25979987232309,37,23.7,3.00621198094035,0.15,0.4,9,30
4,59,13773,385,5.56157078012915,1530.33333333333,69.6666666666667,3.25986059147184,36.3666666666667,23.5666666666667,2.99886685012912,0.15,0.4,9,30
4,60,13766,380,5.55427105238574,1529.55555555556,68.3333333333333,3.21611574436409,36.9333333333333,24.5333333333333,3.04200471255666,0.15,0.4,9,30
4,61,13612,374,5.55062801601018,1512.44444444444,68.6666666666667,3.23643994074959,36.6,24.7,3.0482801880596,0.15,0.4,9,30
4,62,13733,372,5.54728785697865,1525.88888888889,68.5555555555556,3.31185737653561,36.5,25.0333333333333,3.08039380460649,0.15,0.4,9,30
4,63,13726,374,5.54371912177656,1525.11111111111,68.5555555555556,3.28131284040091,37.0333333333333,24.8,3.06966409335721,0.15,0.4,9,30
4,64,13788,373,5.53677164370879,1532,68.3333333333333,3.2854435739287,38.2666666666667,25.5333333333333,3.09313601889139,0.15,0.4,9,30
4,65,13727,372,5.53803342945748,1525.22222222222,68.5555555555556,3.30536350348423,37.4666666666667,25.2333333333333,3.0864882135998,0.15,0.4,9,30
4,66,13607,372,5.53260851499736,1511.88888888889,68.2222222222222,3.28454830246347,37.1333333333333,24.8666666666667,3.06275099730177,0.15,0.4,9,30
4,67,13620,368,5.53062049681421,1513.33333333333,67.3333333333333,3.21816500098336,35.4666666666667,23.3333333333333,2.99030908667068,0.15,0.4,9,30
4,68,13644,368,5.5218112453319,1516,66.8888888888889,3.21664412319746,37.2666666666667,23.9333333333333,3.02391720338294,0.15,0.4,9,30
4,69,13825,366,5.51696357658169,1536.11111111111,65.1111111111111,3.12829418186218,37.4333333333333,23.7666666666667,3.01160017385777,0.15,0.4,9,30
4,70,13796,365,5.51471276341239,1532.88888888889,64.6666666666667,3.11666220887901,37.2,23.8,3.01685613624508,0.15,0.4,9,30
4,71,13658,363,5.50754603423437,1517.55555555556,63.8888888888889,3.1452079778256,37.1666666666667,24.3,3.04162405288832,0.15,0.4,9,30
4,72,13620,362,5.50520542549348,1513.33333333333,64.8888888888889,3.19228958548064,36.4333333333333,23.7333333333333,3.01651120593005,0.15,0.4,9,30
4,73,13761,362,5.50151861750778,1529,64.8888888888889,3.1872567444638,37.3666666666667,23.6333333333333,2.99747584892692,0.15,0.4,9,30
4,74,13791,358,5.50075955776031,1532.33333333333,64.4444444444445,3.16953304195778,36.0333333333333,22.6666666666667,2.96173308069077,0.15,0.4,9,30
4,75,13769,355,5.49148997721861,1529.88888888889,65,3.20522061483754,36.5666666666667,23.3333333333333,2.99689647319196,0.15,0.4,9,30
4,76,13821,353,5.4821909828876,1535.66666666667,64.3333333333333,3.23180400274635,36.6333333333333,23.1333333333333,2.99451467142232,0.15,0.4,9,30
4,77,13694,353,5.47738019562821,1521.55555555556,63.8888888888889,3.22521227835203,35.7,23.0333333333333,2.99135440122856,0.15,0.4,9,30
4,78,13738,353,5.47982558537175,1526.44444444444,63.8888888888889,3.23490830878606,36.4666666666667,23.9,3.0282802570097,0.15,0.4,9,30
4,79,13759,348,5.47733778321885,1528.77777777778,62.5555555555556,3.2098686395472,36.5,23.9333333333333,3.02289990331882,0.15,0.4,9,30
4,80,13727,347,5.46673648589558,1525.22222222222,61.5555555555556,3.19616070474081,36.6,23.5333333333333,3.00476387411414,0.15,0.4,9,30
4,81,13793,348,5.46581459486601,1532.55555555556,62.5555555555556,3.19551583012801,37.5,23.2333333333333,2.98829550473434,0.15,0.4,9,30
4,82,13808,346,5.46045337476616,1534.22222222222,61.4444444444445,3.15110824956759,37.6333333333333,23.8666666666667,3.00756380936444,0.15,0.4,9,30
4,83,13759,345,5.46117460110578,1528.77777777778,61.3333333333333,3.15105978484919,36.7333333333333,23.7666666666667,3.02133206102081,0.15,0.4,9,30
4,84,13724,345,5.45879205747596,1524.88888888889,62.2222222222222,3.22779137401516,37.1,23.7666666666667,3.0106071682177,0.15,0.4,9,30
4,85,13766,343,5.45588510997386,1529.55555555556,62.7777777777778,3.20221603262286,36.8666666666667,23.2,2.98632322718778,0.15,0.4,9,30
4,86,13686,341,5.45238719530522,1520.66666666667,61.5555555555556,3.19322504374224,37.4,23.1333333333333,2.9740695963081,0.15,0.4,9,30
4,87,13668,340,5.45441895052788,1518.66666666667,62.1111111111111,3.20274597665451,36.4666666666667,22.8333333333333,2.96429701582218,0.15,0.4,9,30
4,88,13802,339,5.44724249668729,1533.55555555556,62,3.13268503034345,36.1666666666667,22.6,2.9304737789995,0.15,0.4,9,30
4,89,13827,339,5.44282649486208,1536.33333333333,61.2222222222222,3.13761108089618,36.9666666666667,22.4,2.92509943254927,0.15,0.4,9,30
4,90,13811,337,5.4317919907176,1534.55555555556,62.2222222222222,3.19940424381076,36.5333333333333,22.6,2.93865730158774,0.15,0.4,9,30
4,91,13759,339,5.42945226224124,1528.77777777778,61.6666666666667,3.14598934372894,38.0333333333333,22.9666666666667,2.94721018200018,0.15,0.4,9,30
4,92,13807,340,5.42451674038795,1534.11111111111,61.5555555555556,3.14226545705843,36.5666666666667,22.8666666666667,2.95546224894573,0.15,0.4,9,30
4,93,13736,337,5.42188626661218,1526.22222222222,61.1111111111111,3.17964326712129,36.6666666666667,23,2.9677167509066,0.15,0.4,9,30
4,94,13781,338,5.41743555570855,1531.22222222222,60.8888888888889,3.13838548834202,37.4,23.1666666666667,2.97630200678801,0.15,0.4,9,30
4,95,13717,333,5.40276348570692,1524.11111111111,59.1111111111111,3.07595429643835,37.7,23.7,3.00183622964171,0.15,0.4,9,30
4,96,13612,333,5.39648167852119,1512.44444444444,58.6666666666667,3.07295786886296,36.4666666666667,23.1,2.9829224481596,0.15,0.4,9,30
4,97,13648,332,5.38596998540938,1516.44444444444,59.1111111111111,2.9909481621654,37.5666666666667,23.2666666666667,2.97927100141797,0.15,0.4,9,30
4,98,13668,330,5.38561806606154,1518.66666666667,58.8888888888889,3.03155511122149,36.6666666666667,22.7666666666667,2.95497967912634,0.15,0.4,9,30
4,99,13667,328,5.38420717519572,1518.55555555556,59.4444444444445,3.09194155276757,36.5,22.4333333333333,2.94629851818915,0.15,0.4,9,30
4,100,13610,325,5.37713985292398,1512.22222222222,58.2222222222222,3.02659604860936,36.2333333333333,22.8333333333333,2.96644491188756,0.15,0.4,9,30
5,1,5000,997,6.80686492219493,5000,997,6.80686492219493,0,0,0,1,0,1,0
5,2,6105,990,6.77317446947634,6105,990,6.77317446947634,0,0,0,1,0,1,0
5,3,7536,984,6.74055865455988,7536,984,6.74055865455988,0,0,0,1,0,1,0
5,4,9346,980,6.71318368257698,9346,980,6.71318368257698,0,0,0,1,0,1,0
5,5,11556,978,6.69652824391083,11556,978,6.69652824391083,0,0,0,1,0,1,0
5,6,14300,973,6.67479730586191,14300,973,6.67479730586191,0,0,0,1,0,1,0
5,7,17674,967,6.6559614360937,17674,967,6.6559614360937,0,0,0,1,0,1,0
5,8,21850,964,6.63371744889384,21850,964,6.63371744889384,0,0,0,1,0,1,0
5,9,27008,962,6.61369007536617,27008,962,6.61369007536617,0,0,0,1,0,1,0
5,10,33284,958,6.58911275939544,33284,958,6.58911275939544,0,0,0,1,0,1,0
5,11,40710,955,6.55719642300061,40710,955,6.55719642300061,0,0,0,1,0,1,0
5,12,49130,953,6.52039240279321,49130,953,6.52039240279321,0,0,0,1,0,1,0
5,13,59020,951,6.47767082894432,59020,951,6.47767082894432,0,0,0,1,0,1,0
5,14,69893,949,6.42360172253795,69893,949,6.42360172253795,0,0,0,1,0,1,0
5,15,79974,947,6.37198442615194,79974,947,6.37198442615194,0,0,0,1,0,1,0
5,16,86679,948,6.33698036490144,86679,948,6.33698036490144,0,0,0,1,0,1,0
5,17,89991,946,6.32019875923301,89991,946,6.32019875923301,0,0,0,1,0,1,0
5,18,90919,943,6.31254253428544,90919,943,6.31254253428544,0,0,0,1,0,1,0
5,19,91815,942,6.30692194789621,91815,942,6.30692194789621,0,0,0,1,0,1,0
5,20,92980,940,6.3005731306372,92980,940,6.3005731306372,0,0,0,1,0,1,0
5,21,92878,939,6.29353396861607,92878,939,6.29353396861607,0,0,0,1,0,1,0
5,22,93319,936,6.28603879978875,93319,936,6.28603879978875,0,0,0,1,0,1,0
5,23,93420,933,6.28418614966432,93420,933,6.28418614966432,0,0,0,1,0,1,0
5,24,93412,929,6.28200776515165,93412,929,6.28200776515165,0,0,0,1,0,1,0
5,25,93390,927,6.27644056816313,93390,927,6.27644056816313,0,0,0,1,0,1,0
5,26,93703,923,6.27027095511953,93703,923,6.27027095511953,0,0,0,1,0,1,0
5,27,93741,923,6.26671574624263,93741,923,6.26671574624263,0,0,0,1,0,1,0
5,28,93784,919,6.26318265978988,93784,919,6.26318265978988,0,0,0,1,0,1,0
5,29,93947,916,6.25997203545865,93947,916,6.25997203545865,0,0,0,1,0,1,0
5,30,93817,913,6.25592774845728,93817,913,6.25592774845728,0,0,0,1,0,1,0
5,31,93628,911,6.25067684587954,93628,911,6.25067684587954,0,0,0,1,0,1,0
5,32,93501,908,6.24800654423309,93501,908,6.24800654423309,0,0,0,1,0,1,0
5,33,93583,906,6.24279834506225,93583,906,6.24279834506225,0,0,0,1,0,1,0
5,34,93665,907,6.23793474706897,93665,907,6.23793474706897,0,0,0,1,0,1,0
5,35,93507,902,6.23101852330998,93507,902,6.23101852330998,0,0,0,1,0,1,0
5,36,93627,898,6.2264632027243,93627,898,6.2264632027243,0,0,0,1,0,1,0
5,37,93763,895,6.22449436269382,93763,895,6.22449436269382,0,0,0,1,0,1,0
5,38,93644,893,6.21914974195315,93644,893,6.21914974195315,0,0,0,1,0,1,0
5,39,93497,889,6.21266076767862,93497,889,6.21266076767862,0,0,0,1,0,1,0
5,40,93726,886,6.20737712560099,93726,886,6.20737712560099,0,0,0,1,0,1,0
5,41,13927,705,5.85169901407606,497.392857142857,54.8928571428572,3.41156527063185,37.0333333333333,24.7333333333333,3.05995870210927,0.15,0.5,28,30
5,42,13966,688,5.83200691295656,498.785714285714,52.1785714285714,3.31944157891361,36.9666666666667,24.0333333333333,3.02768954674827,0.15,0.5,28,30
5,43,13828,672,5.81566019079035,493.857142857143,49.7142857142857,3.24424419713696,37.0666666666667,23.7666666666667,3.01214637011667,0.15,0.5,28,30
5,44,13679,655,5.7970399984987,488.535714285714,47.0357142857143,3.15507061730019,36.5333333333333,23.3,2.99170777921918,0.15,0.5,28,30
5,45,13689,641,5.78440856278906,488.892857142857,45.0714285714286,3.08289454620809,35.9333333333333,22.3333333333333,2.94290668813647,0.15,0.5,28,30
5,46,13607,633,5.76836225618011,485.964285714286,43.7142857142857,3.03013472185556,36.4,22.6666666666667,2.95165325647157,0.15,0.5,28,30
5,47,13558,618,5.75436077900134,484.214285714286,41.9642857142857,2.96397428078413,36.8333333333333,22.8666666666667,2.96413622627205,0.15,0.5,28,30
5,48,13665,608,5.73314972398561,488.035714285714,40.75,2.92864473317264,36.5666666666667,22.4333333333333,2.93820105724163,0.15,0.5,28,30
5,49,13535,596,5.71561477185144,483.392857142857,40.2142857142857,2.891088631481,36.6666666666667,21.9666666666667,2.90677856806684,0.15,0.5,28,30
5,50,13468,584,5.69606632782442,481,39.25,2.85158880352396,36.9666666666667,22,2.9050293861825,0.15,0.5,28,30
5,51,13512,577,5.67395108105276,482.571428571429,38.1428571428572,2.78947557038493,36.9,21.6333333333333,2.88199457577676,0.15,0.5,28,30
5,52,13299,569,5.6601440645957,474.964285714286,37.5,2.76041527076047,36.4666666666667,21.3,2.8503433030679,0.15,0.5,28,30
5,53,13267,551,5.65682301829629,473.821428571429,36.1785714285714,2.71603750033902,36.4666666666667,21.3666666666667,2.86229221304524,0.15,0.5,28,30
5,54,13304,541,5.64897994491205,475.142857142857,35.4285714285714,2.67877928152963,37.6,21.4333333333333,2.85331561130569,0.15,0.5,28,30
5,55,13359,530,5.63082428144277,477.107142857143,34.8571428571429,2.65012203594445,36.3333333333333,21.0333333333333,2.84030507393182,0.15,0.5,28,30
5,56,13271,526,5.61841385738813,473.964285714286,34.2857142857143,2.61635764343192,35.3,21.0333333333333,2.84609126560662,0.15,0.5,28,30
5,57,13334,519,5.59911218132001,476.214285714286,33.6428571428572,2.60071066749053,35.8666666666667,21.2,2.8589860516033,0.15,0.5,28,30
5,58,13240,511,5.60112746609109,472.857142857143,33.3214285714286,2.58904559231421,36.0333333333333,21,2.84195694410227,0.15,0.5,28,30
5,59,13283,502,5.57636084251709,474.392857142857,32.2857142857143,2.51839384177592,35.6333333333333,21,2.84745317500401,0.15,0.5,28,30
5,60,13145,493,5.56815620672301,469.464285714286,31.6071428571429,2.50575986769203,36.8666666666667,21.5666666666667,2.86882427232767,0.15,0.5,28,30
5,61,13206,486,5.55866648373012,471.642857142857,31.1428571428571,2.48381858432469,35.6333333333333,21.1333333333333,2.86291957596833,0.15,0.5,28,30
5,62,13234,482,5.55313828793645,472.642857142857,31.1428571428571,2.48191690692817,36.5333333333333,21.9333333333333,2.89857569727686,0.15,0.5,28,30
5,63,13250,474,5.54069456288243,473.214285714286,30.9642857142857,2.44633637328219,35.4666666666667,21.1666666666667,2.88097049643046,0.15,0.5,28,30
5,64,13131,465,5.53084959405246,468.964285714286,30.4642857142857,2.41129525019997,35.4666666666667,21.2666666666667,2.86692733602863,0.15,0.5,28,30
5,65,13207,460,5.51519521781116,471.678571428572,30.3214285714286,2.40375185299127,35.9,21.2333333333333,2.86168156033845,0.15,0.5,28,30
5,66,13176,452,5.50162958461008,470.571428571429,29.3928571428571,2.36438849133683,34.6333333333333,20.5,2.83384715060854,0.15,0.5,28,30
5,67,13178,447,5.49616621744834,470.642857142857,29.5,2.38757129342796,35.4333333333333,20.6,2.83092821633297,0.15,0.5,28,30
5,68,13284,443,5.48356944610043,474.428571428572,29.0357142857143,2.37208633749119,36.2333333333333,21.2333333333333,2.85686908994076,0.15,0.5,28,30
5,69,13257,438,5.4797361498358,473.464285714286,29.0714285714286,2.38347054121576,35.3333333333333,21,2.85630085350957,0.15,0.5,28,30
5,70,13211,434,5.47201126875639,471.821428571429,29.0714285714286,2.33031366294692,35.2,20.9333333333333,2.82187787906428,0.15,0.5,28,30
5,71,13247,427,5.47195429913678,473.107142857143,29.3571428571429,2.39467850258887,35.4,20.9,2.7975448637854,0.15,0.5,28,30
5,72,13181,425,5.45978013478952,470.75,28.4642857142857,2.32231603900845,35.2666666666667,21.0666666666667,2.81210586523312,0.15,0.5,28,30
5,73,13178,422,5.45062461108631,470.642857142857,28.5714285714286,2.31354612487979,35.6666666666667,21.2333333333333,2.83826134846937,0.15,0.5,28,30
5,74,13180,417,5.45139546831319,470.714285714286,28.2142857142857,2.29776295487536,36.0666666666667,21.4666666666667,2.84238098905671,0.15,0.5,28,30
5,75,13186,412,5.44366846987723,470.928571428572,27.75,2.29808533143332,36.7333333333333,21.0333333333333,2.8193216159731,0.15,0.5,28,30
5,76,13140,407,5.44057811706735,469.285714285714,26.8571428571429,2.26072181856713,35.8,20.1,2.77818180311268,0.15,0.5,28,30
5,77,13075,403,5.42663635851228,466.964285714286,26.9642857142857,2.27187816891129,35.3,20,2.76799355304855,0.15,0.5,28,30
5,78,13320,400,5.43311171707632,475.714285714286,27.1785714285714,2.27038988243769,36.5333333333333,20.7666666666667,2.78681934258917,0.15,0.5,28,30
5,79,13134,397,5.41991987148202,469.071428571429,26.7857142857143,2.26533533445547,36.0333333333333,20.2333333333333,2.75317155319985,0.15,0.5,28,30
5,80,13150,396,5.4255607227414,469.642857142857,26.8214285714286,2.26218288596963,35.5666666666667,20.8,2.79669700483439,0.15,0.5,28,30
5,81,13190,393,5.41887603884375,471.071428571429,26.5,2.265526924758,35.8666666666667,20.7666666666667,2.79086769965929,0.15,0.5,28,30
5,82,13223,393,5.40614011146095,472.25,26.25,2.21752089043853,35.3666666666667,20.5666666666667,2.77980465279465,0.15,0.5,28,30
5,83,13235,391,5.40692053782057,472.678571428572,26.5714285714286,2.21573956558274,35.3333333333333,20.2,2.76616256237073,0.15,0.5,28,30
5,84,13105,393,5.4092221328611,468.035714285714,26.3928571428571,2.24372673725187,35.3,20.2333333333333,2.77219124562634,0.15,0.5,28,30
5,85,13145,391,5.4037812556124,469.464285714286,26.3928571428571,2.25434136289439,35.5333333333333,20.7333333333333,2.79816643997385,0.15,0.5,28,30
5,86,13146,386,5.39424505092092,469.5,26.5,2.27339954124368,35.3,20.2666666666667,2.79579839421353,0.15,0.5,28,30
5,87,13140,385,5.39252155118585,469.285714285714,26.1071428571429,2.23372443684332,35.7666666666667,20.6,2.80905833198725,0.15,0.5,28,30
5,88,13205,379,5.37939620670437,471.607142857143,26.0714285714286,2.25068111632228,36.5666666666667,20.7666666666667,2.80539216242181,0.15,0.5,28,30
5,89,13100,380,5.36890720817815,467.857142857143,25.7857142857143,2.22400891177329,35.9333333333333,20.1666666666667,2.77239852098628,0.15,0.5,28,30
5,90,13069,376,5.35893290590463,466.75,25.7857142857143,2.20619028761377,36.2,20.0333333333333,2.73805301328123,0.15,0.5,28,30
5,91,13115,371,5.34697283933522,468.392857142857,25.7857142857143,2.20101690622202,35.4666666666667,19.1333333333333,2.68751836039709,0.15,0.5,28,30
5,92,13163,368,5.34122237396973,470.107142857143,24.9642857142857,2.20658567161427,35.6666666666667,19.8,2.72461265339152,0.15,0.5,28,30
5,93,13118,366,5.33275877506066,468.5,24.9642857142857,2.20671904995956,36.5333333333333,19.8333333333333,2.72455547160101,0.15,0.5,28,30
5,94,13126,369,5.33302161733455,468.785714285714,25,2.17285587139612,35.2333333333333,19.7333333333333,2.75336284921586,0.15,0.5,28,30
5,95,13074,367,5.33287166155558,466.928571428571,24.9285714285714,2.16476013262807,35.8666666666667,19.8,2.75020595226995,0.15,0.5,28,30
5,96,13061,364,5.32396675496198,466.464285714286,24.7142857142857,2.1530736177328,36.3666666666667,20,2.7693699890797,0.15,0.5,28,30
5,97,13107,364,5.31185325453354,468.107142857143,24.7857142857143,2.16112545084704,36.2,20.0666666666667,2.76006362986747,0.15,0.5,28,30
5,98,13103,361,5.30614194195365,467.964285714286,24.4642857142857,2.1430904880589,35.8,19.4666666666667,2.73782518092579,0.15,0.5,28,30
5,99,13058,358,5.2947815066807,466.357142857143,24.0714285714286,2.11694526996221,35.9333333333333,19.4666666666667,2.74196099283886,0.15,0.5,28,30
5,100,13139,360,5.29443790342319,469.25,24.0357142857143,2.09577923920692,36.3666666666667,19.6333333333333,2.73257666064975,0.15,0.5,28,30
6,1,5000,994,6.80263977555417,5000,994,6.80263977555417,0,0,0,1,0,1,0
6,2,6118,988,6.77546667152712,6118,988,6.77546667152712,0,0,0,1,0,1,0
6,3,7504,982,6.75079340159692,7504,982,6.75079340159692,0,0,0,1,0,1,0
6,4,9308,979,6.72918839511092,9308,979,6.72918839511092,0,0,0,1,0,1,0
6,5,11349,976,6.7054617847297,11349,976,6.7054617847297,0,0,0,1,0,1,0
6,6,14085,976,6.68510950290162,14085,976,6.68510950290162,0,0,0,1,0,1,0
6,7,17364,974,6.6651051507848,17364,974,6.6651051507848,0,0,0,1,0,1,0
6,8,21515,971,6.64204468146676,21515,971,6.64204468146676,0,0,0,1,0,1,0
6,9,26774,971,6.61732711716756,26774,971,6.61732711716756,0,0,0,1,0,1,0
6,10,33078,971,6.59126060058617,33078,971,6.59126060058617,0,0,0,1,0,1,0
6,11,40415,970,6.5613529565556,40415,970,6.5613529565556,0,0,0,1,0,1,0
6,12,48747,969,6.52114534562839,48747,969,6.52114534562839,0,0,0,1,0,1,0
6,13,58955,966,6.47553728277791,58955,966,6.47553728277791,0,0,0,1,0,1,0
6,14,70171,964,6.42290177295686,70171,964,6.42290177295686,0,0,0,1,0,1,0
6,15,80136,964,6.37158648357024,80136,964,6.37158648357024,0,0,0,1,0,1,0
6,16,86941,964,6.34219596057792,86941,964,6.34219596057792,0,0,0,1,0,1,0
6,17,89912,962,6.32708884216183,89912,962,6.32708884216183,0,0,0,1,0,1,0
6,18,91336,963,6.31735718788307,91336,963,6.31735718788307,0,0,0,1,0,1,0
6,19,92166,962,6.31092191880758,92166,962,6.31092191880758,0,0,0,1,0,1,0
6,20,92884,960,6.304749925506,92884,960,6.304749925506,0,0,0,1,0,1,0
6,21,93308,960,6.2997426392747,93308,960,6.2997426392747,0,0,0,1,0,1,0
6,22,93619,959,6.29557170293438,93619,959,6.29557170293438,0,0,0,1,0,1,0
6,23,93495,951,6.29143448369278,93495,951,6.29143448369278,0,0,0,1,0,1,0
6,24,93464,949,6.28812349210915,93464,949,6.28812349210915,0,0,0,1,0,1,0
6,25,93375,945,6.2834032127422,93375,945,6.2834032127422,0,0,0,1,0,1,0
6,26,93449,944,6.27827687804777,93449,944,6.27827687804777,0,0,0,1,0,1,0
6,27,93725,940,6.27564573291276,93725,940,6.27564573291276,0,0,0,1,0,1,0
6,28,93691,939,6.26869890432541,93691,939,6.26869890432541,0,0,0,1,0,1,0
6,29,94034,937,6.2654604828404,94034,937,6.2654604828404,0,0,0,1,0,1,0
6,30,93599,936,6.25790778262379,93599,936,6.25790778262379,0,0,0,1,0,1,0
6,31,93848,932,6.25522577751556,93848,932,6.25522577751556,0,0,0,1,0,1,0
6,32,93473,931,6.25182903617318,93473,931,6.25182903617318,0,0,0,1,0,1,0
6,33,93832,928,6.24633295723192,93832,928,6.24633295723192,0,0,0,1,0,1,0
6,34,93623,923,6.2394873824357,93623,923,6.2394873824357,0,0,0,1,0,1,0
6,35,93667,920,6.23880606115581,93667,920,6.23880606115581,0,0,0,1,0,1,0
6,36,93628,918,6.22845718923589,93628,918,6.22845718923589,0,0,0,1,0,1,0
6,37,93568,915,6.22590920900508,93568,915,6.22590920900508,0,0,0,1,0,1,0
6,38,93617,910,6.22284953318248,93617,910,6.22284953318248,0,0,0,1,0,1,0
6,39,93640,907,6.2194251851975,93640,907,6.2194251851975,0,0,0,1,0,1,0
6,40,93738,903,6.21766599373116,93738,903,6.21766599373116,0,0,0,1,0,1,0
6,41,13932,319,5.00116438473364,1071.69230769231,67.3846153846154,3.65685462330325,37.2666666666667,23.4666666666667,2.99584864070438,0.15,0.6,13,30
6,42,14032,313,4.98040102694559,1079.38461538462,63.6153846153846,3.56890561870265,37.5,23.2666666666667,2.97915637950758,0.15,0.6,13,30
6,43,13966,307,4.97215782505525,1074.30769230769,60.6923076923077,3.49811272558791,37,22.3333333333333,2.93101154574232,0.15,0.6,13,30
6,44,13933,291,4.95634500331578,1071.76923076923,57.3846153846154,3.41874670349843,36.6333333333333,22.5,2.94405502629395,0.15,0.6,13,30
6,45,13789,285,4.94553095959554,1060.69230769231,55.0769230769231,3.34172370163249,37.2333333333333,22.9,2.96948928861933,0.15,0.6,13,30
6,46,13824,283,4.93469447775498,1063.38461538462,53.6923076923077,3.27113970215583,36.4333333333333,22.7,2.9704302714037,0.15,0.6,13,30
6,47,13792,280,4.9331757210944,1060.92307692308,51.9230769230769,3.22330533761995,36.5666666666667,22.7666666666667,2.96940311730665,0.15,0.6,13,30
6,48,13760,273,4.92991618887269,1058.46153846154,50.8461538461539,3.18002100106623,36.2,22.5666666666667,2.95805079764572,0.15,0.6,13,30
6,49,13696,268,4.91868701914256,1053.53846153846,49.3076923076923,3.11635619369258,36.7333333333333,22.3,2.92777505174068,0.15,0.6,13,30
6,50,13623,262,4.90808797573021,1047.92307692308,47.1538461538462,3.01294954921949,36.0666666666667,22.3666666666667,2.94729154925318,0.15,0.6,13,30
6,51,13708,259,4.89838223544987,1054.46153846154,47.2307692307692,3.02759210260688,35.3666666666667,21.4333333333333,2.90815324944057,0.15,0.6,13,30
6,52,13698,256,4.88570818329037,1053.69230769231,45.6153846153846,2.99348184825158,36.5666666666667,22.0333333333333,2.9187073459708,0.15,0.6,13,30
6,53,13572,252,4.8782100756997,1044,44.1538461538462,2.97077227718888,36.1666666666667,21.4333333333333,2.87139116224725,0.15,0.6,13,30
6,54,13636,248,4.86706033505754,1048.92307692308,42.6923076923077,2.87098700158877,35.9333333333333,21.0666666666667,2.86119582684356,0.15,0.6,13,30
6,55,13643,244,4.85849496456604,1049.46153846154,42,2.73617822643444,35.8333333333333,21.0666666666667,2.85888658524046,0.15,0.6,13,30
6,56,13651,242,4.85126207309431,1050.07692307692,41.4615384615385,2.72390593528044,35.1333333333333,21.2666666666667,2.86853059215921,0.15,0.6,13,30
6,57,13620,242,4.84430615255802,1047.69230769231,40.4615384615385,2.72265690010895,36.2,21.3333333333333,2.84885793538528,0.15,0.6,13,30
6,58,13582,235,4.83270348774576,1044.76923076923,39.7692307692308,2.65649487010443,35.9666666666667,21.1333333333333,2.84725665484802,0.15,0.6,13,30
6,59,13643,233,4.82194409744114,1049.46153846154,39.1538461538462,2.65576464475296,36.4,21.0666666666667,2.83790111365917,0.15,0.6,13,30
6,60,13573,232,4.81384303160241,1044.07692307692,38.8461538461539,2.6513695741001,35.8333333333333,20.7333333333333,2.81458588139079,0.15,0.6,13,30
6,61,13516,231,4.80375821568152,1039.69230769231,39.2307692307692,2.64687794332418,35.6333333333333,20.6,2.81625208024506,0.15,0.6,13,30
6,62,13529,232,4.79405810369266,1040.69230769231,38.5384615384615,2.60000769177153,35.9333333333333,20.6,2.7925023276225,0.15,0.6,13,30
6,63,13646,227,4.78444748848541,1049.69230769231,37.7692307692308,2.57228195316308,36.1666666666667,20.1666666666667,2.7995462091063,0.15,0.6,13,30
6,64,13619,226,4.78673157400401,1047.61538461538,37.9230769230769,2.58368271138768,35.6333333333333,20.1333333333333,2.80068948239373,0.15,0.6,13,30
6,65,13526,225,4.77694838888105,1040.46153846154,37.0769230769231,2.57911882228711,35.1,20.4,2.80902642786673,0.15,0.6,13,30
6,66,13535,221,4.76615424413125,1041.15384615385,36.4615384615385,2.53512984730057,35.6333333333333,20.8333333333333,2.83371382587823,0.15,0.6,13,30
6,67,13638,218,4.75944112874541,1049.07692307692,35.7692307692308,2.53109518876569,35.6666666666667,20.6,2.80358619485878,0.15,0.6,13,30
6,68,13615,216,4.75705320095048,1047.30769230769,35.6923076923077,2.59286362548462,36.2666666666667,20.5,2.80065415056696,0.15,0.6,13,30
6,69,13623,215,4.75105081338962,1047.92307692308,35.5384615384615,2.53721982630364,35.4666666666667,19.8,2.74978587876033,0.15,0.6,13,30
6,70,13594,218,4.75653554429724,1045.69230769231,35.6153846153846,2.47305991150164,35.9333333333333,20.1666666666667,2.77589487845229,0.15,0.6,13,30
6,71,13578,218,4.75747352500849,1044.46153846154,35.8461538461539,2.4913591998593,33.9,19.9666666666667,2.78988546407804,0.15,0.6,13,30
6,72,13459,215,4.7540729088149,1035.30769230769,35.6153846153846,2.47912953580661,35.1666666666667,20.3333333333333,2.79023581837448,0.15,0.6,13,30
6,73,13512,215,4.75969895419619,1039.38461538462,34.6153846153846,2.39770560983579,35.8666666666667,20.4333333333333,2.81404383948679,0.15,0.6,13,30
6,74,13489,212,4.75848994880001,1037.61538461538,34.0769230769231,2.34994709361373,35.6333333333333,20.8,2.81492172378803,0.15,0.6,13,30
6,75,13468,211,4.7635870788863,1036,34.3076923076923,2.34846194359849,34.8666666666667,20.8333333333333,2.81617093021042,0.15,0.6,13,30
6,76,13548,209,4.75251453728924,1042.15384615385,33.9230769230769,2.31642317631776,34.3333333333333,20.5,2.81168799092108,0.15,0.6,13,30
6,77,13488,209,4.74831178872424,1037.53846153846,33.9230769230769,2.32791027788879,35.7666666666667,21,2.82530537044769,0.15,0.6,13,30
6,78,13536,208,4.73884617227071,1041.23076923077,33.6153846153846,2.25853925913885,36.0333333333333,21.5333333333333,2.84523676255147,0.15,0.6,13,30
6,79,13543,205,4.73484058844098,1041.76923076923,34.0769230769231,2.37383938902688,36.2333333333333,21.5666666666667,2.8570303705478,0.15,0.6,13,30
6,80,13686,205,4.73023418651639,1052.76923076923,33.9230769230769,2.34487713180106,35.1666666666667,20.8666666666667,2.8213241409531,0.15,0.6,13,30
6,81,13636,206,4.72665008650138,1048.92307692308,34,2.41296803095389,35.6333333333333,21,2.83853321723277,0.15,0.6,13,30
6,82,13667,205,4.72330112668981,1051.30769230769,33.5384615384615,2.37718788635885,35.6333333333333,20.7666666666667,2.83067288081961,0.15,0.6,13,30
6,83,13588,205,4.71517801314899,1045.23076923077,33.2307692307692,2.35098736362472,35.9,20.9,2.8243753671346,0.15,0.6,13,30
6,84,13564,204,4.70410794891212,1043.38461538462,32.6153846153846,2.32075501326737,35.1,20.5,2.81048197617771,0.15,0.6,13,30
6,85,13497,198,4.69401919805289,1038.23076923077,31.6923076923077,2.19902986156665,34.9666666666667,20.4,2.80911265180446,0.15,0.6,13,30
6,86,13645,196,4.69408821342235,1049.61538461538,31.9230769230769,2.1743895934977,36.3333333333333,21,2.83279080226073,0.15,0.6,13,30
6,87,13636,191,4.69384829825458,1048.92307692308,31.1538461538462,2.17156544284718,34.7,20.9,2.83655210177212,0.15,0.6,13,30
6,88,13534,190,4.69077082172805,1041.07692307692,31.5384615384615,2.17240099282638,35.5,20.9,2.81468515194405,0.15,0.6,13,30
6,89,13628,189,4.68367284589776,1048.30769230769,30.8461538461539,2.15818223705005,35.7,21.1,2.83766881738158,0.15,0.6,13,30
6,90,13520,190,4.6794642391862,1040,30.3846153846154,2.19840963615243,36.2333333333333,21.3333333333333,2.85382817011826,0.15,0.6,13,30
6,91,13509,189,4.68027933760147,1039.15384615385,30.1538461538462,2.2416971802571,36.4333333333333,21.3666666666667,2.87248623422031,0.15,0.6,13,30
6,92,13527,190,4.68223308532885,1040.53846153846,30.3846153846154,2.26049980332841,35.8666666666667,21.4666666666667,2.88336135202619,0.15,0.6,13,30
6,93,13575,183,4.67164360459628,1044.23076923077,29.9230769230769,2.16683536246694,35.2,21.2333333333333,2.86580629726335,0.15,0.6,13,30
6,94,13660,185,4.66501112110311,1050.76923076923,29.5384615384615,2.14562358572427,35.3666666666667,21.8333333333333,2.89174031344159,0.15,0.6,13,30
6,95,13666,181,4.65488282412957,1051.23076923077,29.3846153846154,2.10692657315113,35.6333333333333,21.0666666666667,2.85777667905062,0.15,0.6,13,30
6,96,13415,181,4.65106011055251,1031.92307692308,29.8461538461538,2.10475211172071,35.6,20.9,2.83766270875046,0.15,0.6,13,30
6,97,13515,179,4.64954978924123,1039.61538461538,29.1538461538462,2.03215697758004,35.9333333333333,21.0666666666667,2.84251313265808,0.15,0.6,13,30
6,98,13555,179,4.64765431212358,1042.69230769231,29.5384615384615,2.03399797903318,36.1666666666667,20.6666666666667,2.8265206903451,0.15,0.6,13,30
6,99,13543,179,4.64762552209922,1041.76923076923,29.5384615384615,2.05547160474867,36.0333333333333,20.3333333333333,2.81167992477103,0.15,0.6,13,30
6,100,13512,180,4.64185416233208,1039.38461538462,29.8461538461538,2.09407341945335,37.1666666666667,20.8,2.83574730358967,0.15,0.6,13,30
7,1,5000,994,6.79764139536164,5000,994,6.79764139536164,0,0,0,1,0,1,0
7,2,6092,988,6.76986119209424,6092,988,6.76986119209424,0,0,0,1,0,1,0
7,3,7553,984,6.74497083191027,7553,984,6.74497083191027,0,0,0,1,0,1,0
7,4,9343,980,6.71977617424907,9343,980,6.71977617424907,0,0,0,1,0,1,0
7,5,11406,971,6.69403914374848,11406,971,6.69403914374848,0,0,0,1,0,1,0
7,6,14142,972,6.67288030403563,14142,972,6.67288030403563,0,0,0,1,0,1,0
7,7,17462,969,6.6528610014624,17462,969,6.6528610014624,0,0,0,1,0,1,0
7,8,21611,968,6.63435083042035,21611,968,6.63435083042035,0,0,0,1,0,1,0
7,9,26809,964,6.60857863301347,26809,964,6.60857863301347,0,0,0,1,0,1,0
7,10,33094,960,6.58449365430993,33094,960,6.58449365430993,0,0,0,1,0,1,0
7,11,40552,958,6.55220948697063,40552,958,6.55220948697063,0,0,0,1,0,1,0
7,12,48814,957,6.51298774374638,48814,957,6.51298774374638,0,0,0,1,0,1,0
7,13,58324,954,6.46894427599016,58324,954,6.46894427599016,0,0,0,1,0,1,0
7,14,68248,953,6.41488936260247,68248,953,6.41488936260247,0,0,0,1,0,1,0
7,15,78043,952,6.36078856775993,78043,952,6.36078856775993,0,0,0,1,0,1,0
7,16,85648,951,6.3225268971329,85648,951,6.3225268971329,0,0,0,1,0,1,0
7,17,90367,950,6.29989879996153,90367,950,6.29989879996153,0,0,0,1,0,1,0
7,18,91537,946,6.28921917993547,91537,946,6.28921917993547,0,0,0,1,0,1,0
7,19,92240,946,6.28007077373524,92240,946,6.28007077373524,0,0,0,1,0,1,0
7,20,93177,946,6.27253735009057,93177,946,6.27253735009057,0,0,0,1,0,1,0
7,21,93095,946,6.26624832461992,93095,946,6.26624832461992,0,0,0,1,0,1,0
7,22,93444,944,6.25851142767794,93444,944,6.25851142767794,0,0,0,1,0,1,0
7,23,93406,938,6.24880477932087,93406,938,6.24880477932087,0,0,0,1,0,1,0
7,24,93334,937,6.24591630921443,93334,937,6.24591630921443,0,0,0,1,0,1,0
7,25,93512,935,6.24159623328213,93512,935,6.24159623328213,0,0,0,1,0,1,0
7,26,93454,934,6.23641416850617,93454,934,6.23641416850617,0,0,0,1,0,1,0
7,27,93534,926,6.22793763810119,93534,926,6.22793763810119,0,0,0,1,0,1,0
7,28,93607,922,6.2226490745948,93607,922,6.2226490745948,0,0,0,1,0,1,0
7,29,93372,920,6.21898871830266,93372,920,6.21898871830266,0,0,0,1,0,1,0
7,30,93641,920,6.21536542771991,93641,920,6.21536542771991,0,0,0,1,0,1,0
7,31,93703,916,6.21079710655646,93703,916,6.21079710655646,0,0,0,1,0,1,0
7,32,93788,914,6.2070987061525,93788,914,6.2070987061525,0,0,0,1,0,1,0
7,33,93835,911,6.20428000406336,93835,911,6.20428000406336,0,0,0,1,0,1,0
7,34,93676,909,6.19975718826454,93676,909,6.19975718826454,0,0,0,1,0,1,0
7,35,93707,909,6.19435540104517,93707,909,6.19435540104517,0,0,0,1,0,1,0
7,36,93875,908,6.19051410333502,93875,908,6.19051410333502,0,0,0,1,0,1,0
7,37,93837,905,6.18600304167048,93837,905,6.18600304167048,0,0,0,1,0,1,0
7,38,93689,903,6.18062546675976,93689,903,6.18062546675976,0,0,0,1,0,1,0
7,39,93650,901,6.17639808953479,93650,901,6.17639808953479,0,0,0,1,0,1,0
7,40,93386,897,6.17099806838488,93386,897,6.17099806838488,0,0,0,1,0,1,0
7,41,14087,634,5.8456064390883,247.140350877193,42.7368421052632,3.29199537849,38.1,23.3666666666667,2.96723781673836,0.15,0.7,57,30
7,42,13835,619,5.83185472900197,242.719298245614,39.1578947368421,3.17331626884576,37.7,22.1,2.9105884760145,0.15,0.7,57,30
7,43,13573,599,5.8112680417801,238.122807017544,36.0877192982456,3.05962074859218,36.3666666666667,21.3,2.87578729256092,0.15,0.7,57,30
7,44,13395,587,5.78852371189826,235,34.0877192982456,2.97424506499832,36.5666666666667,21,2.83991094857609,0.15,0.7,57,30
7,45,13270,572,5.78211465614848,232.80701754386,32.6140350877193,2.9034463922671,35.5,20.2,2.80313216092151,0.15,0.7,57,30
7,46,13147,559,5.7634458995392,230.649122807018,30.7894736842105,2.79762517386085,35,20.4333333333333,2.82136237044347,0.15,0.7,57,30
7,47,13036,552,5.75784379475245,228.701754385965,29.5789473684211,2.7308411011561,35.3333333333333,20.3,2.81608184310516,0.15,0.7,57,30
7,48,12918,538,5.74424825562805,226.631578947368,28.3157894736842,2.65687363279395,34.3333333333333,19.9666666666667,2.78398137382352,0.15,0.7,57,30
7,49,12906,526,5.72840520133195,226.421052631579,27.2982456140351,2.5956478432951,34.8666666666667,19.8,2.77027119608775,0.15,0.7,57,30
7,50,12786,513,5.70769931783288,224.315789473684,26.1929824561404,2.51834605514976,33.6666666666667,18.7,2.69719702885236,0.15,0.7,57,30
7,51,12701,504,5.7020038927199,222.824561403509,25.4385964912281,2.47387720678975,34.3666666666667,19.3,2.74028832031206,0.15,0.7,57,30
7,52,12597,496,5.68847671906195,221,24.7894736842105,2.43281180740457,34.2,18.9333333333333,2.71496860939189,0.15,0.7,57,30
7,53,12641,489,5.67781383326931,221.771929824561,24.1052631578947,2.37284627972698,36.4666666666667,19.5,2.71455347523633,0.15,0.7,57,30
7,54,12521,481,5.66507045672291,219.666666666667,23.2982456140351,2.31013049554527,35.0666666666667,18.8333333333333,2.67090615233198,0.15,0.7,57,30
7,55,12493,469,5.65753560199817,219.175438596491,22.5087719298246,2.26544879149889,35.0666666666667,18.8,2.66367842050919,0.15,0.7,57,30
7,56,12446,463,5.64281640717991,218.350877192982,21.9122807017544,2.21039799907744,34.8333333333333,19.2333333333333,2.6889279104856,0.15,0.7,57,30
7,57,12303,459,5.63562817601721,215.842105263158,21.5789473684211,2.17866978545019,34.4,19.4666666666667,2.6870005613939,0.15,0.7,57,30
7,58,12247,455,5.62988696240291,214.859649122807,21.3508771929825,2.16734600376542,33.5,19.0666666666667,2.68420075712579,0.15,0.7,57,30
7,59,12308,448,5.6190001974823,215.929824561404,20.8070175438597,2.08711391052293,34.1,19.4666666666667,2.69373692212599,0.15,0.7,57,30
7,60,12365,447,5.60452905700396,216.929824561404,20.3859649122807,2.01505273333813,34.5666666666667,19.6,2.69857867443509,0.15,0.7,57,30
7,61,12362,438,5.59573286292469,216.877192982456,20.0175438596491,1.9934552104154,34.4,19.7333333333333,2.71419604648952,0.15,0.7,57,30
7,62,12286,432,5.58851703676588,215.543859649123,19.6491228070175,1.96000946378431,34.5666666666667,19.3,2.70553226538431,0.15,0.7,57,30
7,63,12301,424,5.57418485867614,215.80701754386,19.2280701754386,1.93467777699242,34.2333333333333,19.2333333333333,2.69828170358654,0.15,0.7,57,30
7,64,12228,416,5.55810865920691,214.526315789474,18.8947368421053,1.93033276650349,33.7,19.0666666666667,2.69510172952816,0.15,0.7,57,30
7,65,12144,409,5.55062572483662,213.052631578947,18.3508771929825,1.86082499449987,32.6666666666667,19,2.67571297091738,0.15,0.7,57,30
7,66,12109,406,5.54143628264406,212.438596491228,18.280701754386,1.87400417457302,33,18.9666666666667,2.67303959478891,0.15,0.7,57,30
7,67,12162,400,5.52728143240185,213.368421052632,17.9649122807018,1.86709981433069,32.7666666666667,18.5666666666667,2.6510739437612,0.15,0.7,57,30
7,68,12201,395,5.52800828777657,214.052631578947,17.7368421052632,1.85400952502616,32.8,18.6,2.65781879241392,0.15,0.7,57,30
7,69,12108,391,5.52493338496339,212.421052631579,16.9824561403509,1.73622480051935,33.2333333333333,18.5,2.63030841354393,0.15,0.7,57,30
7,70,12095,389,5.52397982859556,212.19298245614,17.2105263157895,1.75201261488984,33.7333333333333,18.6,2.63112238617021,0.15,0.7,57,30
7,71,12121,386,5.50863865679365,212.649122807018,16.719298245614,1.71333845726628,34.1,18.1333333333333,2.62823126844894,0.15,0.7,57,30
7,72,11938,383,5.49672731501787,209.438596491228,16.5614035087719,1.72840976145968,33.7,17.9666666666667,2.59802758325856,0.15,0.7,57,30
7,73,11958,380,5.48219019228902,209.789473684211,15.9122807017544,1.64628443374223,34.8333333333333,18.3666666666667,2.61508647367241,0.15,0.7,57,30
7,74,11967,380,5.47784496338973,209.947368421053,15.8421052631579,1.66274207378393,34.8333333333333,17.9,2.58068934797834,0.15,0.7,57,30
7,75,11973,377,5.47357396183191,210.052631578947,15.7719298245614,1.60088713261993,33.7333333333333,17.6,2.5568526862367,0.15,0.7,57,30
7,76,11897,373,5.46456116936609,208.719298245614,15.8245614035088,1.60809964204808,33.1333333333333,17.0333333333333,2.53373013948995,0.15,0.7,57,30
7,77,11950,369,5.45991191276742,209.649122807018,15.7719298245614,1.63040101594045,32.6,17.3,2.56389014804165,0.15,0.7,57,30
7,78,12028,366,5.45503430003886,211.017543859649,15.7017543859649,1.60130238312422,33.4666666666667,18.1333333333333,2.61643164099086,0.15,0.7,57,30
7,79,11998,363,5.4403544702744,210.491228070175,15.5789473684211,1.59214002121643,33.4333333333333,17.6,2.56987501073981,0.15,0.7,57,30
7,80,11993,362,5.42592913534096,210.40350877193,15.3684210526316,1.60037823789142,34.2333333333333,17.3666666666667,2.55688596356831,0.15,0.7,57,30
7,81,12035,362,5.42551970928184,211.140350877193,15.140350877193,1.57350961503997,33.5333333333333,16.8333333333333,2.53938628631664,0.15,0.7,57,30
7,82,11911,359,5.42585426823694,208.964912280702,14.9824561403509,1.58524672338911,33.9666666666667,16.7,2.5163204352543,0.15,0.7,57,30
7,83,11995,350,5.41479415145173,210.438596491228,14.8245614035088,1.54980930250951,34.2333333333333,17.0666666666667,2.52162486647293,0.15,0.7,57,30
7,84,11971,351,5.40212359781144,210.017543859649,14.7719298245614,1.55798404100926,34.3666666666667,17.1666666666667,2.54456687855589,0.15,0.7,57,30
7,85,11973,351,5.40309016809892,210.052631578947,14.7543859649123,1.55920883445165,34.9333333333333,17.3666666666667,2.54745366189634,0.15,0.7,57,30
7,86,12045,348,5.39096665464381,211.315789473684,14.4385964912281,1.51492632161636,35.0333333333333,17.9333333333333,2.58549860195315,0.15,0.7,57,30
7,87,12003,343,5.38312903068862,210.578947368421,14.4385964912281,1.52060295611651,35.4666666666667,17.8333333333333,2.56482213294692,0.15,0.7,57,30
7,88,12081,341,5.36837748742067,211.947368421053,14.4561403508772,1.5416154150677,35.3333333333333,17.2,2.55145874613398,0.15,0.7,57,30
7,89,11924,339,5.35552168770361,209.19298245614,14.4035087719298,1.55580286609656,34.0333333333333,16.8333333333333,2.52702738816757,0.15,0.7,57,30
7,90,11981,333,5.34873955488562,210.19298245614,14.4736842105263,1.57314017906983,34.5666666666667,16.4333333333333,2.51185058261501,0.15,0.7,57,30
7,91,11950,331,5.34153151908071,209.649122807018,14.4912280701754,1.5947009617519,34.1,16.6,2.51341320874342,0.15,0.7,57,30
7,92,11912,323,5.3286202438934,208.982456140351,14.280701754386,1.57581102739472,34.4,16.8,2.5359715382979,0.15,0.7,57,30
7,93,11922,323,5.32490666102484,209.157894736842,14.1929824561404,1.56385248418581,34.3666666666667,16.8333333333333,2.55125588757076,0.15,0.7,57,30
7,94,11901,317,5.31439764967168,208.789473684211,13.8070175438597,1.53612355778281,34.2666666666667,16.6666666666667,2.52908534410777,0.15,0.7,57,30
7,95,11980,317,5.31183863294358,210.175438596491,13.7368421052632,1.53900743339618,34.5333333333333,16.8333333333333,2.54571255768885,0.15,0.7,57,30
7,96,12077,317,5.30095181667884,211.877192982456,13.9473684210526,1.56775705500911,34.3666666666667,16.7666666666667,2.52218453255253,0.15,0.7,57,30
7,97,12096,315,5.29317234678019,212.21052631579,14.1228070175439,1.59816607102572,34.9333333333333,16.9333333333333,2.53903100091442,0.15,0.7,57,30
7,98,11965,316,5.29061063381996,209.912280701754,13.8771929824561,1.57306111123976,34.5,16.9,2.53057457427519,0.15,0.7,57,30
7,99,11900,313,5.28478973060652,208.771929824561,13.719298245614,1.55293746369379,34.5666666666667,16.3,2.49647224845106,0.15,0.7,57,30
7,100,12014,310,5.2732184224973,210.771929824561,13.7719298245614,1.57475613554035,34.6666666666667,16.7666666666667,2.51754889266724,0.15,0.7,57,30
8,1,5000,997,6.80115930275552,5000,997,6.80115930275552,0,0,0,1,0,1,0
8,2,6156,991,6.77065391505582,6156,991,6.77065391505582,0,0,0,1,0,1,0
8,3,7528,987,6.74617481634752,7528,987,6.74617481634752,0,0,0,1,0,1,0
8,4,9324,983,6.72609113746967,9324,983,6.72609113746967,0,0,0,1,0,1,0
8,5,11405,976,6.70482712182668,11405,976,6.70482712182668,0,0,0,1,0,1,0
8,6,14142,973,6.6870911280232,14142,973,6.6870911280232,0,0,0,1,0,1,0
8,7,17503,968,6.66703155008238,17503,968,6.66703155008238,0,0,0,1,0,1,0
8,8,21598,966,6.64574555157994,21598,966,6.64574555157994,0,0,0,1,0,1,0
8,9,26824,966,6.61927004596765,26824,966,6.61927004596765,0,0,0,1,0,1,0
8,10,33045,964,6.59539721540161,33045,964,6.59539721540161,0,0,0,1,0,1,0
8,11,40488,963,6.56525768860039,40488,963,6.56525768860039,0,0,0,1,0,1,0
8,12,48872,961,6.52406752167391,48872,961,6.52406752167391,0,0,0,1,0,1,0
8,13,58594,961,6.47764177876938,58594,961,6.47764177876938,0,0,0,1,0,1,0
8,14,69291,957,6.42334611609056,69291,957,6.42334611609056,0,0,0,1,0,1,0
8,15,78992,955,6.371231904599,78992,955,6.371231904599,0,0,0,1,0,1,0
8,16,86094,954,6.33053353967653,86094,954,6.33053353967653,0,0,0,1,0,1,0
8,17,89914,954,6.31222403834094,89914,954,6.31222403834094,0,0,0,1,0,1,0
8,18,91093,950,6.30137225004776,91093,950,6.30137225004776,0,0,0,1,0,1,0
8,19,91975,949,6.29647054783146,91975,949,6.29647054783146,0,0,0,1,0,1,0
8,20,92636,949,6.28735154698335,92636,949,6.28735154698335,0,0,0,1,0,1,0
8,21,92876,945,6.27797125918932,92876,945,6.27797125918932,0,0,0,1,0,1,0
8,22,93488,945,6.26868261667668,93488,945,6.26868261667668,0,0,0,1,0,1,0
8,23,93476,938,6.2644541120451,93476,938,6.2644541120451,0,0,0,1,0,1,0
8,24,93323,934,6.25719937421894,93323,934,6.25719937421894,0,0,0,1,0,1,0
8,25,93396,934,6.25405927506168,93396,934,6.25405927506168,0,0,0,1,0,1,0
8,26,93784,931,6.25122682524201,93784,931,6.25122682524201,0,0,0,1,0,1,0
8,27,93616,931,6.24353181771088,93616,931,6.24353181771088,0,0,0,1,0,1,0
8,28,93635,926,6.23678322246755,93635,926,6.23678322246755,0,0,0,1,0,1,0
8,29,93264,925,6.23608318046885,93264,925,6.23608318046885,0,0,0,1,0,1,0
8,30,93624,923,6.22840423560746,93624,923,6.22840423560746,0,0,0,1,0,1,0
8,31,93709,922,6.22787733268401,93709,922,6.22787733268401,0,0,0,1,0,1,0
8,32,93804,918,6.22443007328892,93804,918,6.22443007328892,0,0,0,1,0,1,0
8,33,93605,911,6.21964482413833,93605,911,6.21964482413833,0,0,0,1,0,1,0
8,34,93619,909,6.21182003638827,93619,909,6.21182003638827,0,0,0,1,0,1,0
8,35,93489,907,6.21029364230519,93489,907,6.21029364230519,0,0,0,1,0,1,0
8,36,93871,903,6.20733738020601,93871,903,6.20733738020601,0,0,0,1,0,1,0
8,37,93862,900,6.20029471169122,93862,900,6.20029471169122,0,0,0,1,0,1,0
8,38,93555,896,6.19759881602083,93555,896,6.19759881602083,0,0,0,1,0,1,0
8,39,93638,895,6.19503182383655,93638,895,6.19503182383655,0,0,0,1,0,1,0
8,40,93693,891,6.18839188328865,93693,891,6.18839188328865,0,0,0,1,0,1,0
8,41,14055,779,6.03715414692592,161.551724137931,42.6551724137931,3.34166558954455,37.2333333333333,24.1666666666667,3.03809648894514,0.15,0.8,87,30
8,42,13682,764,6.01230211342627,157.264367816092,39.4827586206897,3.2458585032068,37.1666666666667,23.3666666666667,2.99141104961814,0.15,0.8,87,30
8,43,13354,743,5.98387244327663,153.494252873563,36.5287356321839,3.12777652207925,36.2,21.9,2.91339849438665,0.15,0.8,87,30
8,44,13083,724,5.95603622497899,150.379310344828,34.0114942528736,3.02096380040477,37.2666666666667,21.9,2.89140722469862,0.15,0.8,87,30
8,45,12926,711,5.93854677355175,148.574712643678,32.2528735632184,2.9368221791253,35.7,20.6333333333333,2.82808431209505,0.15,0.8,87,30
8,46,12718,692,5.91073282091015,146.183908045977,30.5632183908046,2.85147557121991,35.1,19.8,2.78615905667716,0.15,0.8,87,30
8,47,12446,676,5.89134561485046,143.057471264368,29.1034482758621,2.78853046179629,33.9333333333333,19.5666666666667,2.77296486967856,0.15,0.8,87,30
8,48,12335,660,5.85930947241103,141.781609195402,28,2.73052300153716,33.6666666666667,19.0333333333333,2.7258481230181,0.15,0.8,87,30
8,49,12215,648,5.83060460923232,140.402298850575,27.0344827586207,2.6742822553632,33.4,18.6666666666667,2.71064195840946,0.15,0.8,87,30
8,50,12152,632,5.81770974576956,139.67816091954,26.1609195402299,2.61961205391004,33.3333333333333,18.7,2.70707802929577,0.15,0.8,87,30
8,51,12070,619,5.79771059510235,138.735632183908,24.9655172413793,2.56055140328611,34.8666666666667,19.4,2.74976061093846,0.15,0.8,87,30
8,52,11997,609,5.77442657355397,137.896551724138,24.632183908046,2.52622122897209,34.3333333333333,19.0333333333333,2.71861177804424,0.15,0.8,87,30
8,53,11761,599,5.75827756373772,135.183908045977,23.632183908046,2.45728722441685,33.0333333333333,18,2.66021047957066,0.15,0.8,87,30
8,54,11834,589,5.74211576288387,136.022988505747,23.4022988505747,2.41503159081618,33.2,18.0333333333333,2.65227837410558,0.15,0.8,87,30
8,55,11741,574,5.72645657610621,134.954022988506,22.7586206896552,2.37928354406599,33.9666666666667,18.6666666666667,2.6674650429453,0.15,0.8,87,30
8,56,11664,561,5.70482759871949,134.068965517241,22.3793103448276,2.34467527491392,33.6,18.5,2.67196447811152,0.15,0.8,87,30
8,57,11527,548,5.68451320064509,132.494252873563,21.8965517241379,2.29168014212504,33.2,18.6666666666667,2.69821615646273,0.15,0.8,87,30
8,58,11417,536,5.67198121897401,131.229885057471,21.2068965517241,2.23043795147769,33.9666666666667,18.8666666666667,2.69885869320565,0.15,0.8,87,30
8,59,11336,533,5.66266156345754,130.298850574713,20.7586206896552,2.19174493825708,33.3,17.7,2.63528248577652,0.15,0.8,87,30
8,60,11291,522,5.64771946093729,129.781609195402,20.448275862069,2.15489594444255,34.6333333333333,18.0666666666667,2.64519091666627,0.15,0.8,87,30
8,61,11181,510,5.63257754386535,128.51724137931,19.9310344827586,2.08337511090433,33.3333333333333,17.7,2.61182604861144,0.15,0.8,87,30
8,62,11126,500,5.61038871514693,127.885057471264,19.6436781609195,2.03837062259578,33.0666666666667,17.7666666666667,2.64525554864022,0.15,0.8,87,30
8,63,11057,489,5.59962075808774,127.091954022989,19.2758620689655,2.02292137103,34.1,18.4333333333333,2.67811432964034,0.15,0.8,87,30
8,64,11058,486,5.58258096965707,127.103448275862,19.0344827586207,1.99960871316098,34.3666666666667,18.0333333333333,2.66297442239658,0.15,0.8,87,30
8,65,11082,484,5.56922859416832,127.379310344828,18.5862068965517,1.95020412107703,33.7,17.9,2.63491959506233,0.15,0.8,87,30
8,66,11006,476,5.5595596408588,126.505747126437,18.5632183908046,1.92761358075976,34.1666666666667,18.1,2.65765127815882,0.15,0.8,87,30
8,67,11116,467,5.54177370472714,127.770114942529,18.1954022988506,1.9051841426902,33.7666666666667,17.8,2.64400228013197,0.15,0.8,87,30
8,68,11033,462,5.53867671532041,126.816091954023,17.9540229885058,1.86585753717153,33.9666666666667,17.9666666666667,2.63462302634004,0.15,0.8,87,30
8,69,11067,456,5.53285754920951,127.206896551724,17.7126436781609,1.85801192056329,33.1666666666667,17.7333333333333,2.61427608233541,0.15,0.8,87,30
8,70,11107,449,5.51069594094531,127.666666666667,17.6896551724138,1.86761837924469,34.4666666666667,18.1333333333333,2.63231476910808,0.15,0.8,87,30
8,71,10991,446,5.50298458314585,126.333333333333,17.3563218390805,1.84812260418714,33.3333333333333,17.7666666666667,2.6204201648151,0.15,0.8,87,30
8,72,10876,445,5.48952460235367,125.011494252874,17.2873563218391,1.83693164766006,33.5,17.8333333333333,2.62734952958182,0.15,0.8,87,30
8,73,10951,439,5.47626604770081,125.873563218391,16.9540229885058,1.82671930837333,33.3,18.3666666666667,2.66185365138498,0.15,0.8,87,30
8,74,10965,433,5.46789780832201,126.034482758621,17.1609195402299,1.85644865280379,34.5333333333333,18.1666666666667,2.64436578891101,0.15,0.8,87,30
8,75,10845,426,5.44120315741217,124.655172413793,16.7471264367816,1.82550423047456,32.3,17.4,2.6090600728071,0.15,0.8,87,30
8,76,10855,421,5.43877698828672,124.770114942529,16.3793103448276,1.80659757908158,31,16.2666666666667,2.54428430583858,0.15,0.8,87,30
8,77,10846,418,5.42780936826294,124.666666666667,16.1034482758621,1.75519430541303,31.2333333333333,16.5333333333333,2.53804783005046,0.15,0.8,87,30
8,78,10811,410,5.40836794639673,124.264367816092,16.0114942528736,1.74667897162846,30.5666666666667,16.3333333333333,2.53431046565741,0.15,0.8,87,30
8,79,10886,405,5.40109045924728,125.126436781609,15.8735632183908,1.68975988020266,31,16.7,2.4986966811017,0.15,0.8,87,30
8,80,10929,399,5.39151605168826,125.620689655172,15.7241379310345,1.6897048664792,31.1,17,2.53890414498463,0.15,0.8,87,30
8,81,10948,396,5.36890956675735,125.83908045977,15.5172413793103,1.6694443329227,31.1666666666667,16.9,2.52763534510628,0.15,0.8,87,30
8,82,10813,388,5.35380087540177,124.287356321839,15.4597701149425,1.67023378592751,30.9333333333333,16.6333333333333,2.51809830205474,0.15,0.8,87,30
8,83,10840,388,5.34878152075425,124.597701149425,15.5747126436782,1.66787936517715,31.1666666666667,16.6333333333333,2.51376482429671,0.15,0.8,87,30
8,84,10909,378,5.33952642537598,125.390804597701,15.3793103448276,1.65272669100495,31.9333333333333,16.7,2.50905476352883,0.15,0.8,87,30
8,85,10705,369,5.32273509350915,123.045977011494,15.2528735632184,1.6579107721155,30.3666666666667,16,2.44193967956492,0.15,0.8,87,30
8,86,10730,368,5.32484464390414,123.333333333333,15.0804597701149,1.64986618746371,30.2666666666667,15.9666666666667,2.46382758241335,0.15,0.8,87,30
8,87,10876,363,5.31443593040717,125.011494252874,14.9310344827586,1.62526659332763,31.5,16.2666666666667,2.4521059474328,0.15,0.8,87,30
8,88,10854,357,5.30383431693463,124.758620689655,14.9310344827586,1.61761917522511,32,16.4,2.46459867084169,0.15,0.8,87,30
8,89,10762,352,5.28763196093148,123.701149425287,14.7241379310345,1.62456472668369,32.1666666666667,16.2666666666667,2.4618916451889,0.15,0.8,87,30
8,90,10826,347,5.2742614260446,124.436781609195,14.5977011494253,1.613415968542,32.1333333333333,16.6,2.47544659813815,0.15,0.8,87,30
8,91,10824,341,5.27115753423594,124.413793103448,14.551724137931,1.57536758758508,31.6,16.3,2.463866193585,0.15,0.8,87,30
8,92,10919,338,5.26244816976662,125.505747126437,14.3218390804598,1.53701031283864,30.6666666666667,16.1666666666667,2.45267472233577,0.15,0.8,87,30
8,93,10838,336,5.2639971665297,124.574712643678,14.5057471264368,1.54587990106858,30.8,15.9666666666667,2.45006933881065,0.15,0.8,87,30
8,94,10766,333,5.25258892250189,123.747126436782,14.2758620689655,1.51323915138085,29.5666666666667,15.9,2.45872279862771,0.15,0.8,87,30
8,95,10672,331,5.24562679228771,122.666666666667,14.0344827586207,1.49152273194956,30.1333333333333,16,2.44442139023017,0.15,0.8,87,30
8,96,10789,330,5.23446414108753,124.011494252874,14.1034482758621,1.51592352232472,31.4666666666667,15.8,2.44551126054809,0.15,0.8,87,30
8,97,10713,327,5.23107768595745,123.137931034483,13.8505747126437,1.50014625413989,31.1666666666667,15.3666666666667,2.4278465914987,0.15,0.8,87,30
8,98,10731,325,5.22079355279139,123.344827586207,13.6206896551724,1.50574870165538,32.2333333333333,15.5666666666667,2.43466798633179,0.15,0.8,87,30
8,99,10745,320,5.21900280357601,123.505747126437,13.7471264367816,1.50266775608522,32.4,16.1666666666667,2.4581618021461,0.15,0.8,87,30
8,100,10703,317,5.21319666543785,123.022988505747,13.8620689655172,1.49784433760341,32.4666666666667,16.5666666666667,2.47447978739977,0.15,0.8,87,30
9,1,5000,995,6.80062565061479,5000,995,6.80062565061479,0,0,0,1,0,1,0
9,2,6129,987,6.76920565099408,6129,987,6.76920565099408,0,0,0,1,0,1,0
9,3,7566,982,6.7448077764106,7566,982,6.7448077764106,0,0,0,1,0,1,0
9,4,9324,977,6.72308173453743,9324,977,6.72308173453743,0,0,0,1,0,1,0
9,5,11416,973,6.70488820795407,11416,973,6.70488820795407,0,0,0,1,0,1,0
9,6,14137,970,6.68257996573135,14137,970,6.68257996573135,0,0,0,1,0,1,0
9,7,17424,967,6.66334178340436,17424,967,6.66334178340436,0,0,0,1,0,1,0
9,8,21662,964,6.64368912011521,21662,964,6.64368912011521,0,0,0,1,0,1,0
9,9,26745,965,6.62148802389996,26745,965,6.62148802389996,0,0,0,1,0,1,0
9,10,32829,961,6.59888877146671,32829,961,6.59888877146671,0,0,0,1,0,1,0
9,11,39842,958,6.5658294210466,39842,958,6.5658294210466,0,0,0,1,0,1,0
9,12,47797,956,6.52786711608453,47797,956,6.52786711608453,0,0,0,1,0,1,0
9,13,57450,954,6.48153050999971,57450,954,6.48153050999971,0,0,0,1,0,1,0
9,14,67933,953,6.42684023668474,67933,953,6.42684023668474,0,0,0,1,0,1,0
9,15,78039,951,6.37133505457596,78039,951,6.37133505457596,0,0,0,1,0,1,0
9,16,85544,952,6.32978091257137,85544,952,6.32978091257137,0,0,0,1,0,1,0
9,17,89375,951,6.30829555838433,89375,951,6.30829555838433,0,0,0,1,0,1,0
9,18,90849,948,6.29604137963098,90849,948,6.29604137963098,0,0,0,1,0,1,0
9,19,91882,947,6.28806703622103,91882,947,6.28806703622103,0,0,0,1,0,1,0
9,20,92686,943,6.2802251709737,92686,943,6.2802251709737,0,0,0,1,0,1,0
9,21,93310,939,6.27115709935787,93310,939,6.27115709935787,0,0,0,1,0,1,0
9,22,93316,939,6.26607837419674,93316,939,6.26607837419674,0,0,0,1,0,1,0
9,23,93331,938,6.2589035439445,93331,938,6.2589035439445,0,0,0,1,0,1,0
9,24,93348,938,6.25328351050034,93348,938,6.25328351050034,0,0,0,1,0,1,0
9,25,93676,938,6.25459870386904,93676,938,6.25459870386904,0,0,0,1,0,1,0
9,26,93473,938,6.25001139515392,93473,938,6.25001139515392,0,0,0,1,0,1,0
9,27,93284,936,6.240280766824,93284,936,6.240280766824,0,0,0,1,0,1,0
9,28,93766,935,6.23983292637883,93766,935,6.23983292637883,0,0,0,1,0,1,0
9,29,93598,934,6.23596268061305,93598,934,6.23596268061305,0,0,0,1,0,1,0
9,30,93546,932,6.23095268600826,93546,932,6.23095268600826,0,0,0,1,0,1,0
9,31,93690,930,6.22803728431609,93690,930,6.22803728431609,0,0,0,1,0,1,0
9,32,93729,927,6.22319291758688,93729,927,6.22319291758688,0,0,0,1,0,1,0
9,33,93713,923,6.22060323787554,93713,923,6.22060323787554,0,0,0,1,0,1,0
9,34,93579,924,6.21284794630151,93579,924,6.21284794630151,0,0,0,1,0,1,0
9,35,93823,921,6.20749763776037,93823,921,6.20749763776037,0,0,0,1,0,1,0
9,36,93570,921,6.20565966220957,93570,921,6.20565966220957,0,0,0,1,0,1,0
9,37,93659,918,6.20269630235778,93659,918,6.20269630235778,0,0,0,1,0,1,0
9,38,93577,915,6.1968542245697,93577,915,6.1968542245697,0,0,0,1,0,1,0
9,39,93517,914,6.19681212693886,93517,914,6.19681212693886,0,0,0,1,0,1,0
9,40,93410,911,6.19378797996727,93410,911,6.19378797996727,0,0,0,1,0,1,0
9,41,13933,684,5.84875635651782,105.55303030303,36.530303030303,3.26417139350203,37.6666666666667,25.4,3.10416944102231,0.15,0.9,132,30
9,42,13451,671,5.82296174453746,101.901515151515,33.1060606060606,3.14678811402838,35.8333333333333,23.6,3.0273684184686,0.15,0.9,132,30
9,43,13023,651,5.79415411272805,98.6590909090909,30.3712121212121,3.0450410163547,33.6,22,2.95670769089179,0.15,0.9,132,30
9,44,12664,631,5.76846930266209,95.9393939393939,28.5378787878788,2.96691382443808,33.5666666666667,21.0333333333333,2.8883076427331,0.15,0.9,132,30
9,45,12328,616,5.7389437654016,93.3939393939394,26.8712121212121,2.8915893064548,32.5666666666667,19.8666666666667,2.82167877289583,0.15,0.9,132,30
9,46,12090,598,5.72463867677935,91.5909090909091,25.4848484848485,2.82493210453921,32.5666666666667,19.4666666666667,2.78077418351705,0.15,0.9,132,30
9,47,12058,589,5.69931100406319,91.3484848484848,24.3560606060606,2.76543962459622,32.5666666666667,19.0333333333333,2.74722194073097,0.15,0.9,132,30
9,48,11707,583,5.67591393679235,88.6893939393939,23.1893939393939,2.69939303353181,31.5,18.6333333333333,2.73372468085455,0.15,0.9,132,30
9,49,11457,575,5.66327078235368,86.7954545454546,22.3484848484848,2.63918049280712,30.9666666666667,18.4666666666667,2.72943407100071,0.15,0.9,132,30
9,50,11337,566,5.64171859462976,85.8863636363637,21.8181818181818,2.60027273421564,29.4,17.9,2.68439837796909,0.15,0.9,132,30
9,51,11225,554,5.62800669078761,85.0378787878788,20.8484848484849,2.52062630651431,29.0666666666667,16.9666666666667,2.59432824391088,0.15,0.9,132,30
9,52,11065,546,5.60943505683493,83.8257575757576,20.2272727272727,2.47339164623738,28.0666666666667,16.4666666666667,2.57162125810345,0.15,0.9,132,30
9,53,11100,535,5.59228956758398,84.0909090909091,19.7651515151515,2.42687247485343,28.2666666666667,15.7333333333333,2.51127459207363,0.15,0.9,132,30
9,54,10987,523,5.56635690572283,83.2348484848485,18.9393939393939,2.36904955204265,28.2,15.5,2.48075593177497,0.15,0.9,132,30
9,55,10891,516,5.54387993585263,82.5075757575758,18.6136363636364,2.34159015913602,28.7666666666667,15.5666666666667,2.45192882886884,0.15,0.9,132,30
9,56,10719,510,5.51791113051001,81.2045454545455,18.1136363636364,2.30414101588458,28.4,15.4,2.43585591146132,0.15,0.9,132,30
9,57,10652,499,5.50067613667026,80.6969696969697,18.1060606060606,2.30090970005947,27.8666666666667,15.9333333333333,2.47323782147497,0.15,0.9,132,30
9,58,10629,494,5.48538087695381,80.5227272727273,17.8030303030303,2.25886427827671,27.7333333333333,15.5666666666667,2.4412726574457,0.15,0.9,132,30
9,59,10613,479,5.47559705677526,80.4015151515152,17.280303030303,2.18852952994185,27.9333333333333,15.5,2.43252208324717,0.15,0.9,132,30
9,60,10625,471,5.45370118181364,80.4924242424243,17.0606060606061,2.17369590751186,28.4333333333333,16.0333333333333,2.45495411299204,0.15,0.9,132,30
9,61,10557,457,5.43815400022409,79.9772727272727,16.8939393939394,2.15330809208601,28.1666666666667,15.3333333333333,2.41077887825324,0.15,0.9,132,30
9,62,10430,450,5.42660706128208,79.0151515151515,16.4166666666667,2.10479671389566,27.3,14.5333333333333,2.35446131588661,0.15,0.9,132,30
9,63,10254,447,5.40494421173076,77.6818181818182,15.8863636363636,2.03104862858119,26.4,14.2666666666667,2.32263889421694,0.15,0.9,132,30
9,64,10122,433,5.38014365077343,76.6818181818182,15.5378787878788,1.98576569192694,26.7666666666667,14.4666666666667,2.34486181734448,0.15,0.9,132,30
9,65,10042,424,5.35749724005097,76.0757575757576,15.219696969697,1.95462062024945,26.6,13.9333333333333,2.30118387333843,0.15,0.9,132,30
9,66,9949,414,5.3430097029858,75.3712121212121,14.8560606060606,1.90402182182903,26.6,14.1,2.31038672550362,0.15,0.9,132,30
9,67,9968,406,5.31988778199071,75.5151515151515,14.5378787878788,1.89123097709756,26.9333333333333,13.7666666666667,2.2459324878084,0.15,0.9,132,30
9,68,9997,402,5.31249031291903,75.7348484848485,14.4090909090909,1.85741541617528,26.5333333333333,13.9666666666667,2.25641634110907,0.15,0.9,132,30
9,69,9831,390,5.28823605548427,74.4772727272727,14.1136363636364,1.8500334490995,26.2666666666667,13.5666666666667,2.25943760327627,0.15,0.9,132,30
9,70,9838,381,5.27671923007886,74.530303030303,13.8257575757576,1.81180708664885,25.9333333333333,13.3333333333333,2.20455541495286,0.15,0.9,132,30
9,71,9816,373,5.25712789199499,74.3636363636364,13.5530303030303,1.77545085483799,26.4,13.3,2.15728021364994,0.15,0.9,132,30
9,72,9736,370,5.24772524799007,73.7575757575758,13.4393939393939,1.7718621554649,25.8333333333333,13.3333333333333,2.1670390193358,0.15,0.9,132,30
9,73,9713,365,5.24176205178584,73.5833333333333,13.2348484848485,1.75375628774727,25.8666666666667,13.1333333333333,2.13437102403585,0.15,0.9,132,30
9,74,9660,362,5.23060853631003,73.1818181818182,13.1439393939394,1.7301756630816,25.6,12.7333333333333,2.11285115546378,0.15,0.9,132,30
9,75,9727,355,5.21487568194072,73.6893939393939,13.0681818181818,1.72192284347014,26.8666666666667,13.1333333333333,2.13619729057605,0.15,0.9,132,30
9,76,9602,352,5.21482452389537,72.7424242424243,13.1439393939394,1.704459219417,26.3333333333333,13.3333333333333,2.14162552771978,0.15,0.9,132,30
9,77,9662,349,5.19621612072722,73.1969696969697,13.0227272727273,1.70281032342436,27.1666666666667,13.7,2.14808264637942,0.15,0.9,132,30
9,78,9575,345,5.18117948140441,72.5378787878788,12.6742424242424,1.68085853890734,27.4,13.8666666666667,2.1556670281528,0.15,0.9,132,30
9,79,9464,339,5.17258161033868,71.6969696969697,12.4166666666667,1.63828466670214,27.0333333333333,13.3666666666667,2.13175966622487,0.15,0.9,132,30
9,80,9414,336,5.16757382959889,71.3181818181818,12.2348484848485,1.63047975956552,26.8,13.4333333333333,2.11928984450879,0.15,0.9,132,30
9,81,9442,332,5.1565835195922,71.530303030303,12.1818181818182,1.63569157832903,27.2,13.7,2.11761318164885,0.15,0.9,132,30
9,82,9519,327,5.14986278238568,72.1136363636364,12.1136363636364,1.63726424225592,26.7333333333333,13.0666666666667,2.1252854922795,0.15,0.9,132,30
9,83,9420,320,5.13859142337557,71.3636363636364,11.9166666666667,1.60518783474598,26.3,13.2666666666667,2.14470329031612,0.15,0.9,132,30
9,84,9381,317,5.13519245723683,71.0681818181818,12.0757575757576,1.61777805124986,25.6333333333333,13.1666666666667,2.15920314987981,0.15,0.9,132,30
9,85,9341,314,5.13140803789692,70.7651515151515,12.0681818181818,1.63083048103566,26.6,13.1333333333333,2.1414207726593,0.15,0.9,132,30
9,86,9403,312,5.12019925237951,71.2348484848485,11.8333333333333,1.58681253379878,26.6333333333333,13.4,2.14320878511963,0.15,0.9,132,30
9,87,9329,304,5.1101606819752,70.6742424242424,11.7954545454545,1.58415343749041,25.4666666666667,12.9,2.10194849983426,0.15,0.9,132,30
9,88,9175,302,5.09824171971698,69.5075757575758,11.6515151515152,1.58381060444633,24.7666666666667,13,2.11478228942365,0.15,0.9,132,30
9,89,9267,299,5.09100740299393,70.2045454545455,11.5378787878788,1.57035481423816,25.1333333333333,13.2666666666667,2.13432160168549,0.15,0.9,132,30
9,90,9169,292,5.07427105883356,69.4621212121212,11.2954545454545,1.53484775864558,24.6666666666667,13.2333333333333,2.14650215844579,0.15,0.9,132,30
9,91,9154,287,5.05748307640464,69.3484848484849,11.2727272727273,1.51865271270198,24.5333333333333,12.6,2.08163126176869,0.15,0.9,132,30
9,92,9208,284,5.05108623662748,69.7575757575758,11.280303030303,1.52297838135181,25.9,12.7,2.07866739768178,0.15,0.9,132,30
9,93,9241,282,5.04327083447931,70.0075757575758,11.4242424242424,1.53612797005269,25.3333333333333,12.4666666666667,2.06545363146493,0.15,0.9,132,30
9,94,9422,280,5.03122022479927,71.3787878787879,11.4393939393939,1.53405037033376,25.8666666666667,12.6333333333333,2.04814697988436,0.15,0.9,132,30
9,95,9299,274,5.03798699343087,70.4469696969697,11.3106060606061,1.5273402614399,25.2,12.7666666666667,2.05592077963751,0.15,0.9,132,30
9,96,9330,270,5.02986899374583,70.6818181818182,11.2575757575758,1.52515721669229,25.4666666666667,12.9333333333333,2.06430042988496,0.15,0.9,132,30
9,97,9296,266,5.01688797199136,70.4242424242424,11.2348484848485,1.53489174463455,24.5666666666667,12.7333333333333,2.0961561134973,0.15,0.9,132,30
9,98,9268,266,5.01116362072116,70.2121212121212,11.1363636363636,1.51647124667115,24.9333333333333,12.6333333333333,2.05370209748068,0.15,0.9,132,30
9,99,9290,266,5.00691306251036,70.3787878787879,10.9545454545455,1.50312596675183,24.9666666666667,12.1333333333333,1.98640041980208,0.15,0.9,132,30
9,100,9223,264,4.99264535807969,69.8712121212121,11.030303030303,1.4816896878867,24.0333333333333,12.2666666666667,2.00440818623691,0.15,0.9,132,30
