"sim_ID","frag","ac","hab","nb","disp","disp_dist","edge"
1,0.1,0.1,0.15,0.1,1,1,0.6
2,0.2,0.1,0.15,0.1,1,1,0.6
3,0.3,0.1,0.15,0.1,1,1,0.6
4,0.4,0.1,0.15,0.1,1,1,0.6
5,0.5,0.1,0.15,0.1,1,1,0.6
6,0.6,0.1,0.15,0.1,1,1,0.6
7,0.7,0.1,0.15,0.1,1,1,0.6
8,0.8,0.1,0.15,0.1,1,1,0.6
9,0.9,0.1,0.15,0.1,1,1,0.6
10,0.1,0.1,0.15,0.1,1,1.5,0.6
11,0.2,0.1,0.15,0.1,1,1.5,0.6
12,0.3,0.1,0.15,0.1,1,1.5,0.6
13,0.4,0.1,0.15,0.1,1,1.5,0.6
14,0.5,0.1,0.15,0.1,1,1.5,0.6
15,0.6,0.1,0.15,0.1,1,1.5,0.6
16,0.7,0.1,0.15,0.1,1,1.5,0.6
17,0.8,0.1,0.15,0.1,1,1.5,0.6
18,0.9,0.1,0.15,0.1,1,1.5,0.6
19,0.1,0.1,0.15,0.1,1,2,0.6
20,0.2,0.1,0.15,0.1,1,2,0.6
21,0.3,0.1,0.15,0.1,1,2,0.6
22,0.4,0.1,0.15,0.1,1,2,0.6
23,0.5,0.1,0.15,0.1,1,2,0.6
24,0.6,0.1,0.15,0.1,1,2,0.6
25,0.7,0.1,0.15,0.1,1,2,0.6
26,0.8,0.1,0.15,0.1,1,2,0.6
27,0.9,0.1,0.15,0.1,1,2,0.6
28,0.1,0.1,0.15,0.1,1,2.5,0.6
29,0.2,0.1,0.15,0.1,1,2.5,0.6
30,0.3,0.1,0.15,0.1,1,2.5,0.6
31,0.4,0.1,0.15,0.1,1,2.5,0.6
32,0.5,0.1,0.15,0.1,1,2.5,0.6
33,0.6,0.1,0.15,0.1,1,2.5,0.6
34,0.7,0.1,0.15,0.1,1,2.5,0.6
35,0.8,0.1,0.15,0.1,1,2.5,0.6
36,0.9,0.1,0.15,0.1,1,2.5,0.6
37,0.1,0.1,0.15,0.1,1,3,0.6
38,0.2,0.1,0.15,0.1,1,3,0.6
39,0.3,0.1,0.15,0.1,1,3,0.6
40,0.4,0.1,0.15,0.1,1,3,0.6
41,0.5,0.1,0.15,0.1,1,3,0.6
42,0.6,0.1,0.15,0.1,1,3,0.6
43,0.7,0.1,0.15,0.1,1,3,0.6
44,0.8,0.1,0.15,0.1,1,3,0.6
45,0.9,0.1,0.15,0.1,1,3,0.6
46,0.1,0.1,0.15,0.1,1,3.5,0.6
47,0.2,0.1,0.15,0.1,1,3.5,0.6
48,0.3,0.1,0.15,0.1,1,3.5,0.6
49,0.4,0.1,0.15,0.1,1,3.5,0.6
50,0.5,0.1,0.15,0.1,1,3.5,0.6
51,0.6,0.1,0.15,0.1,1,3.5,0.6
52,0.7,0.1,0.15,0.1,1,3.5,0.6
53,0.8,0.1,0.15,0.1,1,3.5,0.6
54,0.9,0.1,0.15,0.1,1,3.5,0.6
55,0.1,0.1,0.15,0.1,1,4,0.6
56,0.2,0.1,0.15,0.1,1,4,0.6
57,0.3,0.1,0.15,0.1,1,4,0.6
58,0.4,0.1,0.15,0.1,1,4,0.6
59,0.5,0.1,0.15,0.1,1,4,0.6
60,0.6,0.1,0.15,0.1,1,4,0.6
61,0.7,0.1,0.15,0.1,1,4,0.6
62,0.8,0.1,0.15,0.1,1,4,0.6
63,0.9,0.1,0.15,0.1,1,4,0.6
64,0.1,0.1,0.15,0.1,1,4.5,0.6
65,0.2,0.1,0.15,0.1,1,4.5,0.6
66,0.3,0.1,0.15,0.1,1,4.5,0.6
67,0.4,0.1,0.15,0.1,1,4.5,0.6
68,0.5,0.1,0.15,0.1,1,4.5,0.6
69,0.6,0.1,0.15,0.1,1,4.5,0.6
70,0.7,0.1,0.15,0.1,1,4.5,0.6
71,0.8,0.1,0.15,0.1,1,4.5,0.6
72,0.9,0.1,0.15,0.1,1,4.5,0.6
73,0.1,0.1,0.15,0.1,1,5,0.6
74,0.2,0.1,0.15,0.1,1,5,0.6
75,0.3,0.1,0.15,0.1,1,5,0.6
76,0.4,0.1,0.15,0.1,1,5,0.6
77,0.5,0.1,0.15,0.1,1,5,0.6
78,0.6,0.1,0.15,0.1,1,5,0.6
79,0.7,0.1,0.15,0.1,1,5,0.6
80,0.8,0.1,0.15,0.1,1,5,0.6
81,0.9,0.1,0.15,0.1,1,5,0.6
82,0.1,0.1,0.15,0.1,1,5.5,0.6
83,0.2,0.1,0.15,0.1,1,5.5,0.6
84,0.3,0.1,0.15,0.1,1,5.5,0.6
85,0.4,0.1,0.15,0.1,1,5.5,0.6
86,0.5,0.1,0.15,0.1,1,5.5,0.6
87,0.6,0.1,0.15,0.1,1,5.5,0.6
88,0.7,0.1,0.15,0.1,1,5.5,0.6
89,0.8,0.1,0.15,0.1,1,5.5,0.6
90,0.9,0.1,0.15,0.1,1,5.5,0.6
91,0.1,0.1,0.15,0.1,1,1,0.7
92,0.2,0.1,0.15,0.1,1,1,0.7
93,0.3,0.1,0.15,0.1,1,1,0.7
94,0.4,0.1,0.15,0.1,1,1,0.7
95,0.5,0.1,0.15,0.1,1,1,0.7
96,0.6,0.1,0.15,0.1,1,1,0.7
97,0.7,0.1,0.15,0.1,1,1,0.7
98,0.8,0.1,0.15,0.1,1,1,0.7
99,0.9,0.1,0.15,0.1,1,1,0.7
100,0.1,0.1,0.15,0.1,1,1.5,0.7
101,0.2,0.1,0.15,0.1,1,1.5,0.7
102,0.3,0.1,0.15,0.1,1,1.5,0.7
103,0.4,0.1,0.15,0.1,1,1.5,0.7
104,0.5,0.1,0.15,0.1,1,1.5,0.7
105,0.6,0.1,0.15,0.1,1,1.5,0.7
106,0.7,0.1,0.15,0.1,1,1.5,0.7
107,0.8,0.1,0.15,0.1,1,1.5,0.7
108,0.9,0.1,0.15,0.1,1,1.5,0.7
109,0.1,0.1,0.15,0.1,1,2,0.7
110,0.2,0.1,0.15,0.1,1,2,0.7
111,0.3,0.1,0.15,0.1,1,2,0.7
112,0.4,0.1,0.15,0.1,1,2,0.7
113,0.5,0.1,0.15,0.1,1,2,0.7
114,0.6,0.1,0.15,0.1,1,2,0.7
115,0.7,0.1,0.15,0.1,1,2,0.7
116,0.8,0.1,0.15,0.1,1,2,0.7
117,0.9,0.1,0.15,0.1,1,2,0.7
118,0.1,0.1,0.15,0.1,1,2.5,0.7
119,0.2,0.1,0.15,0.1,1,2.5,0.7
120,0.3,0.1,0.15,0.1,1,2.5,0.7
121,0.4,0.1,0.15,0.1,1,2.5,0.7
122,0.5,0.1,0.15,0.1,1,2.5,0.7
123,0.6,0.1,0.15,0.1,1,2.5,0.7
124,0.7,0.1,0.15,0.1,1,2.5,0.7
125,0.8,0.1,0.15,0.1,1,2.5,0.7
126,0.9,0.1,0.15,0.1,1,2.5,0.7
127,0.1,0.1,0.15,0.1,1,3,0.7
128,0.2,0.1,0.15,0.1,1,3,0.7
129,0.3,0.1,0.15,0.1,1,3,0.7
130,0.4,0.1,0.15,0.1,1,3,0.7
131,0.5,0.1,0.15,0.1,1,3,0.7
132,0.6,0.1,0.15,0.1,1,3,0.7
133,0.7,0.1,0.15,0.1,1,3,0.7
134,0.8,0.1,0.15,0.1,1,3,0.7
135,0.9,0.1,0.15,0.1,1,3,0.7
136,0.1,0.1,0.15,0.1,1,3.5,0.7
137,0.2,0.1,0.15,0.1,1,3.5,0.7
138,0.3,0.1,0.15,0.1,1,3.5,0.7
139,0.4,0.1,0.15,0.1,1,3.5,0.7
140,0.5,0.1,0.15,0.1,1,3.5,0.7
141,0.6,0.1,0.15,0.1,1,3.5,0.7
142,0.7,0.1,0.15,0.1,1,3.5,0.7
143,0.8,0.1,0.15,0.1,1,3.5,0.7
144,0.9,0.1,0.15,0.1,1,3.5,0.7
145,0.1,0.1,0.15,0.1,1,4,0.7
146,0.2,0.1,0.15,0.1,1,4,0.7
147,0.3,0.1,0.15,0.1,1,4,0.7
148,0.4,0.1,0.15,0.1,1,4,0.7
149,0.5,0.1,0.15,0.1,1,4,0.7
150,0.6,0.1,0.15,0.1,1,4,0.7
151,0.7,0.1,0.15,0.1,1,4,0.7
152,0.8,0.1,0.15,0.1,1,4,0.7
153,0.9,0.1,0.15,0.1,1,4,0.7
154,0.1,0.1,0.15,0.1,1,4.5,0.7
155,0.2,0.1,0.15,0.1,1,4.5,0.7
156,0.3,0.1,0.15,0.1,1,4.5,0.7
157,0.4,0.1,0.15,0.1,1,4.5,0.7
158,0.5,0.1,0.15,0.1,1,4.5,0.7
159,0.6,0.1,0.15,0.1,1,4.5,0.7
160,0.7,0.1,0.15,0.1,1,4.5,0.7
161,0.8,0.1,0.15,0.1,1,4.5,0.7
162,0.9,0.1,0.15,0.1,1,4.5,0.7
163,0.1,0.1,0.15,0.1,1,5,0.7
164,0.2,0.1,0.15,0.1,1,5,0.7
165,0.3,0.1,0.15,0.1,1,5,0.7
166,0.4,0.1,0.15,0.1,1,5,0.7
167,0.5,0.1,0.15,0.1,1,5,0.7
168,0.6,0.1,0.15,0.1,1,5,0.7
169,0.7,0.1,0.15,0.1,1,5,0.7
170,0.8,0.1,0.15,0.1,1,5,0.7
171,0.9,0.1,0.15,0.1,1,5,0.7
172,0.1,0.1,0.15,0.1,1,5.5,0.7
173,0.2,0.1,0.15,0.1,1,5.5,0.7
174,0.3,0.1,0.15,0.1,1,5.5,0.7
175,0.4,0.1,0.15,0.1,1,5.5,0.7
176,0.5,0.1,0.15,0.1,1,5.5,0.7
177,0.6,0.1,0.15,0.1,1,5.5,0.7
178,0.7,0.1,0.15,0.1,1,5.5,0.7
179,0.8,0.1,0.15,0.1,1,5.5,0.7
180,0.9,0.1,0.15,0.1,1,5.5,0.7
181,0.1,0.1,0.15,0.1,1,1,0.8
182,0.2,0.1,0.15,0.1,1,1,0.8
183,0.3,0.1,0.15,0.1,1,1,0.8
184,0.4,0.1,0.15,0.1,1,1,0.8
185,0.5,0.1,0.15,0.1,1,1,0.8
186,0.6,0.1,0.15,0.1,1,1,0.8
187,0.7,0.1,0.15,0.1,1,1,0.8
188,0.8,0.1,0.15,0.1,1,1,0.8
189,0.9,0.1,0.15,0.1,1,1,0.8
190,0.1,0.1,0.15,0.1,1,1.5,0.8
191,0.2,0.1,0.15,0.1,1,1.5,0.8
192,0.3,0.1,0.15,0.1,1,1.5,0.8
193,0.4,0.1,0.15,0.1,1,1.5,0.8
194,0.5,0.1,0.15,0.1,1,1.5,0.8
195,0.6,0.1,0.15,0.1,1,1.5,0.8
196,0.7,0.1,0.15,0.1,1,1.5,0.8
197,0.8,0.1,0.15,0.1,1,1.5,0.8
198,0.9,0.1,0.15,0.1,1,1.5,0.8
199,0.1,0.1,0.15,0.1,1,2,0.8
200,0.2,0.1,0.15,0.1,1,2,0.8
201,0.3,0.1,0.15,0.1,1,2,0.8
202,0.4,0.1,0.15,0.1,1,2,0.8
203,0.5,0.1,0.15,0.1,1,2,0.8
204,0.6,0.1,0.15,0.1,1,2,0.8
205,0.7,0.1,0.15,0.1,1,2,0.8
206,0.8,0.1,0.15,0.1,1,2,0.8
207,0.9,0.1,0.15,0.1,1,2,0.8
208,0.1,0.1,0.15,0.1,1,2.5,0.8
209,0.2,0.1,0.15,0.1,1,2.5,0.8
210,0.3,0.1,0.15,0.1,1,2.5,0.8
211,0.4,0.1,0.15,0.1,1,2.5,0.8
212,0.5,0.1,0.15,0.1,1,2.5,0.8
213,0.6,0.1,0.15,0.1,1,2.5,0.8
214,0.7,0.1,0.15,0.1,1,2.5,0.8
215,0.8,0.1,0.15,0.1,1,2.5,0.8
216,0.9,0.1,0.15,0.1,1,2.5,0.8
217,0.1,0.1,0.15,0.1,1,3,0.8
218,0.2,0.1,0.15,0.1,1,3,0.8
219,0.3,0.1,0.15,0.1,1,3,0.8
220,0.4,0.1,0.15,0.1,1,3,0.8
221,0.5,0.1,0.15,0.1,1,3,0.8
222,0.6,0.1,0.15,0.1,1,3,0.8
223,0.7,0.1,0.15,0.1,1,3,0.8
224,0.8,0.1,0.15,0.1,1,3,0.8
225,0.9,0.1,0.15,0.1,1,3,0.8
226,0.1,0.1,0.15,0.1,1,3.5,0.8
227,0.2,0.1,0.15,0.1,1,3.5,0.8
228,0.3,0.1,0.15,0.1,1,3.5,0.8
229,0.4,0.1,0.15,0.1,1,3.5,0.8
230,0.5,0.1,0.15,0.1,1,3.5,0.8
231,0.6,0.1,0.15,0.1,1,3.5,0.8
232,0.7,0.1,0.15,0.1,1,3.5,0.8
233,0.8,0.1,0.15,0.1,1,3.5,0.8
234,0.9,0.1,0.15,0.1,1,3.5,0.8
235,0.1,0.1,0.15,0.1,1,4,0.8
236,0.2,0.1,0.15,0.1,1,4,0.8
237,0.3,0.1,0.15,0.1,1,4,0.8
238,0.4,0.1,0.15,0.1,1,4,0.8
239,0.5,0.1,0.15,0.1,1,4,0.8
240,0.6,0.1,0.15,0.1,1,4,0.8
241,0.7,0.1,0.15,0.1,1,4,0.8
242,0.8,0.1,0.15,0.1,1,4,0.8
243,0.9,0.1,0.15,0.1,1,4,0.8
244,0.1,0.1,0.15,0.1,1,4.5,0.8
245,0.2,0.1,0.15,0.1,1,4.5,0.8
246,0.3,0.1,0.15,0.1,1,4.5,0.8
247,0.4,0.1,0.15,0.1,1,4.5,0.8
248,0.5,0.1,0.15,0.1,1,4.5,0.8
249,0.6,0.1,0.15,0.1,1,4.5,0.8
250,0.7,0.1,0.15,0.1,1,4.5,0.8
251,0.8,0.1,0.15,0.1,1,4.5,0.8
252,0.9,0.1,0.15,0.1,1,4.5,0.8
253,0.1,0.1,0.15,0.1,1,5,0.8
254,0.2,0.1,0.15,0.1,1,5,0.8
255,0.3,0.1,0.15,0.1,1,5,0.8
256,0.4,0.1,0.15,0.1,1,5,0.8
257,0.5,0.1,0.15,0.1,1,5,0.8
258,0.6,0.1,0.15,0.1,1,5,0.8
259,0.7,0.1,0.15,0.1,1,5,0.8
260,0.8,0.1,0.15,0.1,1,5,0.8
261,0.9,0.1,0.15,0.1,1,5,0.8
262,0.1,0.1,0.15,0.1,1,5.5,0.8
263,0.2,0.1,0.15,0.1,1,5.5,0.8
264,0.3,0.1,0.15,0.1,1,5.5,0.8
265,0.4,0.1,0.15,0.1,1,5.5,0.8
266,0.5,0.1,0.15,0.1,1,5.5,0.8
267,0.6,0.1,0.15,0.1,1,5.5,0.8
268,0.7,0.1,0.15,0.1,1,5.5,0.8
269,0.8,0.1,0.15,0.1,1,5.5,0.8
270,0.9,0.1,0.15,0.1,1,5.5,0.8
271,0.1,0.1,0.15,0.1,1,1,0.9
272,0.2,0.1,0.15,0.1,1,1,0.9
273,0.3,0.1,0.15,0.1,1,1,0.9
274,0.4,0.1,0.15,0.1,1,1,0.9
275,0.5,0.1,0.15,0.1,1,1,0.9
276,0.6,0.1,0.15,0.1,1,1,0.9
277,0.7,0.1,0.15,0.1,1,1,0.9
278,0.8,0.1,0.15,0.1,1,1,0.9
279,0.9,0.1,0.15,0.1,1,1,0.9
280,0.1,0.1,0.15,0.1,1,1.5,0.9
281,0.2,0.1,0.15,0.1,1,1.5,0.9
282,0.3,0.1,0.15,0.1,1,1.5,0.9
283,0.4,0.1,0.15,0.1,1,1.5,0.9
284,0.5,0.1,0.15,0.1,1,1.5,0.9
285,0.6,0.1,0.15,0.1,1,1.5,0.9
286,0.7,0.1,0.15,0.1,1,1.5,0.9
287,0.8,0.1,0.15,0.1,1,1.5,0.9
288,0.9,0.1,0.15,0.1,1,1.5,0.9
289,0.1,0.1,0.15,0.1,1,2,0.9
290,0.2,0.1,0.15,0.1,1,2,0.9
291,0.3,0.1,0.15,0.1,1,2,0.9
292,0.4,0.1,0.15,0.1,1,2,0.9
293,0.5,0.1,0.15,0.1,1,2,0.9
294,0.6,0.1,0.15,0.1,1,2,0.9
295,0.7,0.1,0.15,0.1,1,2,0.9
296,0.8,0.1,0.15,0.1,1,2,0.9
297,0.9,0.1,0.15,0.1,1,2,0.9
298,0.1,0.1,0.15,0.1,1,2.5,0.9
299,0.2,0.1,0.15,0.1,1,2.5,0.9
300,0.3,0.1,0.15,0.1,1,2.5,0.9
301,0.4,0.1,0.15,0.1,1,2.5,0.9
302,0.5,0.1,0.15,0.1,1,2.5,0.9
303,0.6,0.1,0.15,0.1,1,2.5,0.9
304,0.7,0.1,0.15,0.1,1,2.5,0.9
305,0.8,0.1,0.15,0.1,1,2.5,0.9
306,0.9,0.1,0.15,0.1,1,2.5,0.9
307,0.1,0.1,0.15,0.1,1,3,0.9
308,0.2,0.1,0.15,0.1,1,3,0.9
309,0.3,0.1,0.15,0.1,1,3,0.9
310,0.4,0.1,0.15,0.1,1,3,0.9
311,0.5,0.1,0.15,0.1,1,3,0.9
312,0.6,0.1,0.15,0.1,1,3,0.9
313,0.7,0.1,0.15,0.1,1,3,0.9
314,0.8,0.1,0.15,0.1,1,3,0.9
315,0.9,0.1,0.15,0.1,1,3,0.9
316,0.1,0.1,0.15,0.1,1,3.5,0.9
317,0.2,0.1,0.15,0.1,1,3.5,0.9
318,0.3,0.1,0.15,0.1,1,3.5,0.9
319,0.4,0.1,0.15,0.1,1,3.5,0.9
320,0.5,0.1,0.15,0.1,1,3.5,0.9
321,0.6,0.1,0.15,0.1,1,3.5,0.9
322,0.7,0.1,0.15,0.1,1,3.5,0.9
323,0.8,0.1,0.15,0.1,1,3.5,0.9
324,0.9,0.1,0.15,0.1,1,3.5,0.9
325,0.1,0.1,0.15,0.1,1,4,0.9
326,0.2,0.1,0.15,0.1,1,4,0.9
327,0.3,0.1,0.15,0.1,1,4,0.9
328,0.4,0.1,0.15,0.1,1,4,0.9
329,0.5,0.1,0.15,0.1,1,4,0.9
330,0.6,0.1,0.15,0.1,1,4,0.9
331,0.7,0.1,0.15,0.1,1,4,0.9
332,0.8,0.1,0.15,0.1,1,4,0.9
333,0.9,0.1,0.15,0.1,1,4,0.9
334,0.1,0.1,0.15,0.1,1,4.5,0.9
335,0.2,0.1,0.15,0.1,1,4.5,0.9
336,0.3,0.1,0.15,0.1,1,4.5,0.9
337,0.4,0.1,0.15,0.1,1,4.5,0.9
338,0.5,0.1,0.15,0.1,1,4.5,0.9
339,0.6,0.1,0.15,0.1,1,4.5,0.9
340,0.7,0.1,0.15,0.1,1,4.5,0.9
341,0.8,0.1,0.15,0.1,1,4.5,0.9
342,0.9,0.1,0.15,0.1,1,4.5,0.9
343,0.1,0.1,0.15,0.1,1,5,0.9
344,0.2,0.1,0.15,0.1,1,5,0.9
345,0.3,0.1,0.15,0.1,1,5,0.9
346,0.4,0.1,0.15,0.1,1,5,0.9
347,0.5,0.1,0.15,0.1,1,5,0.9
348,0.6,0.1,0.15,0.1,1,5,0.9
349,0.7,0.1,0.15,0.1,1,5,0.9
350,0.8,0.1,0.15,0.1,1,5,0.9
351,0.9,0.1,0.15,0.1,1,5,0.9
352,0.1,0.1,0.15,0.1,1,5.5,0.9
353,0.2,0.1,0.15,0.1,1,5.5,0.9
354,0.3,0.1,0.15,0.1,1,5.5,0.9
355,0.4,0.1,0.15,0.1,1,5.5,0.9
356,0.5,0.1,0.15,0.1,1,5.5,0.9
357,0.6,0.1,0.15,0.1,1,5.5,0.9
358,0.7,0.1,0.15,0.1,1,5.5,0.9
359,0.8,0.1,0.15,0.1,1,5.5,0.9
360,0.9,0.1,0.15,0.1,1,5.5,0.9
361,0.1,0.1,0.15,0.1,1,1,1
362,0.2,0.1,0.15,0.1,1,1,1
363,0.3,0.1,0.15,0.1,1,1,1
364,0.4,0.1,0.15,0.1,1,1,1
365,0.5,0.1,0.15,0.1,1,1,1
366,0.6,0.1,0.15,0.1,1,1,1
367,0.7,0.1,0.15,0.1,1,1,1
368,0.8,0.1,0.15,0.1,1,1,1
369,0.9,0.1,0.15,0.1,1,1,1
370,0.1,0.1,0.15,0.1,1,1.5,1
371,0.2,0.1,0.15,0.1,1,1.5,1
372,0.3,0.1,0.15,0.1,1,1.5,1
373,0.4,0.1,0.15,0.1,1,1.5,1
374,0.5,0.1,0.15,0.1,1,1.5,1
375,0.6,0.1,0.15,0.1,1,1.5,1
376,0.7,0.1,0.15,0.1,1,1.5,1
377,0.8,0.1,0.15,0.1,1,1.5,1
378,0.9,0.1,0.15,0.1,1,1.5,1
379,0.1,0.1,0.15,0.1,1,2,1
380,0.2,0.1,0.15,0.1,1,2,1
381,0.3,0.1,0.15,0.1,1,2,1
382,0.4,0.1,0.15,0.1,1,2,1
383,0.5,0.1,0.15,0.1,1,2,1
384,0.6,0.1,0.15,0.1,1,2,1
385,0.7,0.1,0.15,0.1,1,2,1
386,0.8,0.1,0.15,0.1,1,2,1
387,0.9,0.1,0.15,0.1,1,2,1
388,0.1,0.1,0.15,0.1,1,2.5,1
389,0.2,0.1,0.15,0.1,1,2.5,1
390,0.3,0.1,0.15,0.1,1,2.5,1
391,0.4,0.1,0.15,0.1,1,2.5,1
392,0.5,0.1,0.15,0.1,1,2.5,1
393,0.6,0.1,0.15,0.1,1,2.5,1
394,0.7,0.1,0.15,0.1,1,2.5,1
395,0.8,0.1,0.15,0.1,1,2.5,1
396,0.9,0.1,0.15,0.1,1,2.5,1
397,0.1,0.1,0.15,0.1,1,3,1
398,0.2,0.1,0.15,0.1,1,3,1
399,0.3,0.1,0.15,0.1,1,3,1
400,0.4,0.1,0.15,0.1,1,3,1
401,0.5,0.1,0.15,0.1,1,3,1
402,0.6,0.1,0.15,0.1,1,3,1
403,0.7,0.1,0.15,0.1,1,3,1
404,0.8,0.1,0.15,0.1,1,3,1
405,0.9,0.1,0.15,0.1,1,3,1
406,0.1,0.1,0.15,0.1,1,3.5,1
407,0.2,0.1,0.15,0.1,1,3.5,1
408,0.3,0.1,0.15,0.1,1,3.5,1
409,0.4,0.1,0.15,0.1,1,3.5,1
410,0.5,0.1,0.15,0.1,1,3.5,1
411,0.6,0.1,0.15,0.1,1,3.5,1
412,0.7,0.1,0.15,0.1,1,3.5,1
413,0.8,0.1,0.15,0.1,1,3.5,1
414,0.9,0.1,0.15,0.1,1,3.5,1
415,0.1,0.1,0.15,0.1,1,4,1
416,0.2,0.1,0.15,0.1,1,4,1
417,0.3,0.1,0.15,0.1,1,4,1
418,0.4,0.1,0.15,0.1,1,4,1
419,0.5,0.1,0.15,0.1,1,4,1
420,0.6,0.1,0.15,0.1,1,4,1
421,0.7,0.1,0.15,0.1,1,4,1
422,0.8,0.1,0.15,0.1,1,4,1
423,0.9,0.1,0.15,0.1,1,4,1
424,0.1,0.1,0.15,0.1,1,4.5,1
425,0.2,0.1,0.15,0.1,1,4.5,1
426,0.3,0.1,0.15,0.1,1,4.5,1
427,0.4,0.1,0.15,0.1,1,4.5,1
428,0.5,0.1,0.15,0.1,1,4.5,1
429,0.6,0.1,0.15,0.1,1,4.5,1
430,0.7,0.1,0.15,0.1,1,4.5,1
431,0.8,0.1,0.15,0.1,1,4.5,1
432,0.9,0.1,0.15,0.1,1,4.5,1
433,0.1,0.1,0.15,0.1,1,5,1
434,0.2,0.1,0.15,0.1,1,5,1
435,0.3,0.1,0.15,0.1,1,5,1
436,0.4,0.1,0.15,0.1,1,5,1
437,0.5,0.1,0.15,0.1,1,5,1
438,0.6,0.1,0.15,0.1,1,5,1
439,0.7,0.1,0.15,0.1,1,5,1
440,0.8,0.1,0.15,0.1,1,5,1
441,0.9,0.1,0.15,0.1,1,5,1
442,0.1,0.1,0.15,0.1,1,5.5,1
443,0.2,0.1,0.15,0.1,1,5.5,1
444,0.3,0.1,0.15,0.1,1,5.5,1
445,0.4,0.1,0.15,0.1,1,5.5,1
446,0.5,0.1,0.15,0.1,1,5.5,1
447,0.6,0.1,0.15,0.1,1,5.5,1
448,0.7,0.1,0.15,0.1,1,5.5,1
449,0.8,0.1,0.15,0.1,1,5.5,1
450,0.9,0.1,0.15,0.1,1,5.5,1
451,0.1,0.1,0.15,0.1,1,1,1.1
452,0.2,0.1,0.15,0.1,1,1,1.1
453,0.3,0.1,0.15,0.1,1,1,1.1
454,0.4,0.1,0.15,0.1,1,1,1.1
455,0.5,0.1,0.15,0.1,1,1,1.1
456,0.6,0.1,0.15,0.1,1,1,1.1
457,0.7,0.1,0.15,0.1,1,1,1.1
458,0.8,0.1,0.15,0.1,1,1,1.1
459,0.9,0.1,0.15,0.1,1,1,1.1
460,0.1,0.1,0.15,0.1,1,1.5,1.1
461,0.2,0.1,0.15,0.1,1,1.5,1.1
462,0.3,0.1,0.15,0.1,1,1.5,1.1
463,0.4,0.1,0.15,0.1,1,1.5,1.1
464,0.5,0.1,0.15,0.1,1,1.5,1.1
465,0.6,0.1,0.15,0.1,1,1.5,1.1
466,0.7,0.1,0.15,0.1,1,1.5,1.1
467,0.8,0.1,0.15,0.1,1,1.5,1.1
468,0.9,0.1,0.15,0.1,1,1.5,1.1
469,0.1,0.1,0.15,0.1,1,2,1.1
470,0.2,0.1,0.15,0.1,1,2,1.1
471,0.3,0.1,0.15,0.1,1,2,1.1
472,0.4,0.1,0.15,0.1,1,2,1.1
473,0.5,0.1,0.15,0.1,1,2,1.1
474,0.6,0.1,0.15,0.1,1,2,1.1
475,0.7,0.1,0.15,0.1,1,2,1.1
476,0.8,0.1,0.15,0.1,1,2,1.1
477,0.9,0.1,0.15,0.1,1,2,1.1
478,0.1,0.1,0.15,0.1,1,2.5,1.1
479,0.2,0.1,0.15,0.1,1,2.5,1.1
480,0.3,0.1,0.15,0.1,1,2.5,1.1
481,0.4,0.1,0.15,0.1,1,2.5,1.1
482,0.5,0.1,0.15,0.1,1,2.5,1.1
483,0.6,0.1,0.15,0.1,1,2.5,1.1
484,0.7,0.1,0.15,0.1,1,2.5,1.1
485,0.8,0.1,0.15,0.1,1,2.5,1.1
486,0.9,0.1,0.15,0.1,1,2.5,1.1
487,0.1,0.1,0.15,0.1,1,3,1.1
488,0.2,0.1,0.15,0.1,1,3,1.1
489,0.3,0.1,0.15,0.1,1,3,1.1
490,0.4,0.1,0.15,0.1,1,3,1.1
491,0.5,0.1,0.15,0.1,1,3,1.1
492,0.6,0.1,0.15,0.1,1,3,1.1
493,0.7,0.1,0.15,0.1,1,3,1.1
494,0.8,0.1,0.15,0.1,1,3,1.1
495,0.9,0.1,0.15,0.1,1,3,1.1
496,0.1,0.1,0.15,0.1,1,3.5,1.1
497,0.2,0.1,0.15,0.1,1,3.5,1.1
498,0.3,0.1,0.15,0.1,1,3.5,1.1
499,0.4,0.1,0.15,0.1,1,3.5,1.1
500,0.5,0.1,0.15,0.1,1,3.5,1.1
501,0.6,0.1,0.15,0.1,1,3.5,1.1
502,0.7,0.1,0.15,0.1,1,3.5,1.1
503,0.8,0.1,0.15,0.1,1,3.5,1.1
504,0.9,0.1,0.15,0.1,1,3.5,1.1
505,0.1,0.1,0.15,0.1,1,4,1.1
506,0.2,0.1,0.15,0.1,1,4,1.1
507,0.3,0.1,0.15,0.1,1,4,1.1
508,0.4,0.1,0.15,0.1,1,4,1.1
509,0.5,0.1,0.15,0.1,1,4,1.1
510,0.6,0.1,0.15,0.1,1,4,1.1
511,0.7,0.1,0.15,0.1,1,4,1.1
512,0.8,0.1,0.15,0.1,1,4,1.1
513,0.9,0.1,0.15,0.1,1,4,1.1
514,0.1,0.1,0.15,0.1,1,4.5,1.1
515,0.2,0.1,0.15,0.1,1,4.5,1.1
516,0.3,0.1,0.15,0.1,1,4.5,1.1
517,0.4,0.1,0.15,0.1,1,4.5,1.1
518,0.5,0.1,0.15,0.1,1,4.5,1.1
519,0.6,0.1,0.15,0.1,1,4.5,1.1
520,0.7,0.1,0.15,0.1,1,4.5,1.1
521,0.8,0.1,0.15,0.1,1,4.5,1.1
522,0.9,0.1,0.15,0.1,1,4.5,1.1
523,0.1,0.1,0.15,0.1,1,5,1.1
524,0.2,0.1,0.15,0.1,1,5,1.1
525,0.3,0.1,0.15,0.1,1,5,1.1
526,0.4,0.1,0.15,0.1,1,5,1.1
527,0.5,0.1,0.15,0.1,1,5,1.1
528,0.6,0.1,0.15,0.1,1,5,1.1
529,0.7,0.1,0.15,0.1,1,5,1.1
530,0.8,0.1,0.15,0.1,1,5,1.1
531,0.9,0.1,0.15,0.1,1,5,1.1
532,0.1,0.1,0.15,0.1,1,5.5,1.1
533,0.2,0.1,0.15,0.1,1,5.5,1.1
534,0.3,0.1,0.15,0.1,1,5.5,1.1
535,0.4,0.1,0.15,0.1,1,5.5,1.1
536,0.5,0.1,0.15,0.1,1,5.5,1.1
537,0.6,0.1,0.15,0.1,1,5.5,1.1
538,0.7,0.1,0.15,0.1,1,5.5,1.1
539,0.8,0.1,0.15,0.1,1,5.5,1.1
540,0.9,0.1,0.15,0.1,1,5.5,1.1
541,0.1,0.1,0.15,0.1,1,1,1.2
542,0.2,0.1,0.15,0.1,1,1,1.2
543,0.3,0.1,0.15,0.1,1,1,1.2
544,0.4,0.1,0.15,0.1,1,1,1.2
545,0.5,0.1,0.15,0.1,1,1,1.2
546,0.6,0.1,0.15,0.1,1,1,1.2
547,0.7,0.1,0.15,0.1,1,1,1.2
548,0.8,0.1,0.15,0.1,1,1,1.2
549,0.9,0.1,0.15,0.1,1,1,1.2
550,0.1,0.1,0.15,0.1,1,1.5,1.2
551,0.2,0.1,0.15,0.1,1,1.5,1.2
552,0.3,0.1,0.15,0.1,1,1.5,1.2
553,0.4,0.1,0.15,0.1,1,1.5,1.2
554,0.5,0.1,0.15,0.1,1,1.5,1.2
555,0.6,0.1,0.15,0.1,1,1.5,1.2
556,0.7,0.1,0.15,0.1,1,1.5,1.2
557,0.8,0.1,0.15,0.1,1,1.5,1.2
558,0.9,0.1,0.15,0.1,1,1.5,1.2
559,0.1,0.1,0.15,0.1,1,2,1.2
560,0.2,0.1,0.15,0.1,1,2,1.2
561,0.3,0.1,0.15,0.1,1,2,1.2
562,0.4,0.1,0.15,0.1,1,2,1.2
563,0.5,0.1,0.15,0.1,1,2,1.2
564,0.6,0.1,0.15,0.1,1,2,1.2
565,0.7,0.1,0.15,0.1,1,2,1.2
566,0.8,0.1,0.15,0.1,1,2,1.2
567,0.9,0.1,0.15,0.1,1,2,1.2
568,0.1,0.1,0.15,0.1,1,2.5,1.2
569,0.2,0.1,0.15,0.1,1,2.5,1.2
570,0.3,0.1,0.15,0.1,1,2.5,1.2
571,0.4,0.1,0.15,0.1,1,2.5,1.2
572,0.5,0.1,0.15,0.1,1,2.5,1.2
573,0.6,0.1,0.15,0.1,1,2.5,1.2
574,0.7,0.1,0.15,0.1,1,2.5,1.2
575,0.8,0.1,0.15,0.1,1,2.5,1.2
576,0.9,0.1,0.15,0.1,1,2.5,1.2
577,0.1,0.1,0.15,0.1,1,3,1.2
578,0.2,0.1,0.15,0.1,1,3,1.2
579,0.3,0.1,0.15,0.1,1,3,1.2
580,0.4,0.1,0.15,0.1,1,3,1.2
581,0.5,0.1,0.15,0.1,1,3,1.2
582,0.6,0.1,0.15,0.1,1,3,1.2
583,0.7,0.1,0.15,0.1,1,3,1.2
584,0.8,0.1,0.15,0.1,1,3,1.2
585,0.9,0.1,0.15,0.1,1,3,1.2
586,0.1,0.1,0.15,0.1,1,3.5,1.2
587,0.2,0.1,0.15,0.1,1,3.5,1.2
588,0.3,0.1,0.15,0.1,1,3.5,1.2
589,0.4,0.1,0.15,0.1,1,3.5,1.2
590,0.5,0.1,0.15,0.1,1,3.5,1.2
591,0.6,0.1,0.15,0.1,1,3.5,1.2
592,0.7,0.1,0.15,0.1,1,3.5,1.2
593,0.8,0.1,0.15,0.1,1,3.5,1.2
594,0.9,0.1,0.15,0.1,1,3.5,1.2
595,0.1,0.1,0.15,0.1,1,4,1.2
596,0.2,0.1,0.15,0.1,1,4,1.2
597,0.3,0.1,0.15,0.1,1,4,1.2
598,0.4,0.1,0.15,0.1,1,4,1.2
599,0.5,0.1,0.15,0.1,1,4,1.2
600,0.6,0.1,0.15,0.1,1,4,1.2
601,0.7,0.1,0.15,0.1,1,4,1.2
602,0.8,0.1,0.15,0.1,1,4,1.2
603,0.9,0.1,0.15,0.1,1,4,1.2
604,0.1,0.1,0.15,0.1,1,4.5,1.2
605,0.2,0.1,0.15,0.1,1,4.5,1.2
606,0.3,0.1,0.15,0.1,1,4.5,1.2
607,0.4,0.1,0.15,0.1,1,4.5,1.2
608,0.5,0.1,0.15,0.1,1,4.5,1.2
609,0.6,0.1,0.15,0.1,1,4.5,1.2
610,0.7,0.1,0.15,0.1,1,4.5,1.2
611,0.8,0.1,0.15,0.1,1,4.5,1.2
612,0.9,0.1,0.15,0.1,1,4.5,1.2
613,0.1,0.1,0.15,0.1,1,5,1.2
614,0.2,0.1,0.15,0.1,1,5,1.2
615,0.3,0.1,0.15,0.1,1,5,1.2
616,0.4,0.1,0.15,0.1,1,5,1.2
617,0.5,0.1,0.15,0.1,1,5,1.2
618,0.6,0.1,0.15,0.1,1,5,1.2
619,0.7,0.1,0.15,0.1,1,5,1.2
620,0.8,0.1,0.15,0.1,1,5,1.2
621,0.9,0.1,0.15,0.1,1,5,1.2
622,0.1,0.1,0.15,0.1,1,5.5,1.2
623,0.2,0.1,0.15,0.1,1,5.5,1.2
624,0.3,0.1,0.15,0.1,1,5.5,1.2
625,0.4,0.1,0.15,0.1,1,5.5,1.2
626,0.5,0.1,0.15,0.1,1,5.5,1.2
627,0.6,0.1,0.15,0.1,1,5.5,1.2
628,0.7,0.1,0.15,0.1,1,5.5,1.2
629,0.8,0.1,0.15,0.1,1,5.5,1.2
630,0.9,0.1,0.15,0.1,1,5.5,1.2
631,0.1,0.1,0.15,0.1,1,1,1.3
632,0.2,0.1,0.15,0.1,1,1,1.3
633,0.3,0.1,0.15,0.1,1,1,1.3
634,0.4,0.1,0.15,0.1,1,1,1.3
635,0.5,0.1,0.15,0.1,1,1,1.3
636,0.6,0.1,0.15,0.1,1,1,1.3
637,0.7,0.1,0.15,0.1,1,1,1.3
638,0.8,0.1,0.15,0.1,1,1,1.3
639,0.9,0.1,0.15,0.1,1,1,1.3
640,0.1,0.1,0.15,0.1,1,1.5,1.3
641,0.2,0.1,0.15,0.1,1,1.5,1.3
642,0.3,0.1,0.15,0.1,1,1.5,1.3
643,0.4,0.1,0.15,0.1,1,1.5,1.3
644,0.5,0.1,0.15,0.1,1,1.5,1.3
645,0.6,0.1,0.15,0.1,1,1.5,1.3
646,0.7,0.1,0.15,0.1,1,1.5,1.3
647,0.8,0.1,0.15,0.1,1,1.5,1.3
648,0.9,0.1,0.15,0.1,1,1.5,1.3
649,0.1,0.1,0.15,0.1,1,2,1.3
650,0.2,0.1,0.15,0.1,1,2,1.3
651,0.3,0.1,0.15,0.1,1,2,1.3
652,0.4,0.1,0.15,0.1,1,2,1.3
653,0.5,0.1,0.15,0.1,1,2,1.3
654,0.6,0.1,0.15,0.1,1,2,1.3
655,0.7,0.1,0.15,0.1,1,2,1.3
656,0.8,0.1,0.15,0.1,1,2,1.3
657,0.9,0.1,0.15,0.1,1,2,1.3
658,0.1,0.1,0.15,0.1,1,2.5,1.3
659,0.2,0.1,0.15,0.1,1,2.5,1.3
660,0.3,0.1,0.15,0.1,1,2.5,1.3
661,0.4,0.1,0.15,0.1,1,2.5,1.3
662,0.5,0.1,0.15,0.1,1,2.5,1.3
663,0.6,0.1,0.15,0.1,1,2.5,1.3
664,0.7,0.1,0.15,0.1,1,2.5,1.3
665,0.8,0.1,0.15,0.1,1,2.5,1.3
666,0.9,0.1,0.15,0.1,1,2.5,1.3
667,0.1,0.1,0.15,0.1,1,3,1.3
668,0.2,0.1,0.15,0.1,1,3,1.3
669,0.3,0.1,0.15,0.1,1,3,1.3
670,0.4,0.1,0.15,0.1,1,3,1.3
671,0.5,0.1,0.15,0.1,1,3,1.3
672,0.6,0.1,0.15,0.1,1,3,1.3
673,0.7,0.1,0.15,0.1,1,3,1.3
674,0.8,0.1,0.15,0.1,1,3,1.3
675,0.9,0.1,0.15,0.1,1,3,1.3
676,0.1,0.1,0.15,0.1,1,3.5,1.3
677,0.2,0.1,0.15,0.1,1,3.5,1.3
678,0.3,0.1,0.15,0.1,1,3.5,1.3
679,0.4,0.1,0.15,0.1,1,3.5,1.3
680,0.5,0.1,0.15,0.1,1,3.5,1.3
681,0.6,0.1,0.15,0.1,1,3.5,1.3
682,0.7,0.1,0.15,0.1,1,3.5,1.3
683,0.8,0.1,0.15,0.1,1,3.5,1.3
684,0.9,0.1,0.15,0.1,1,3.5,1.3
685,0.1,0.1,0.15,0.1,1,4,1.3
686,0.2,0.1,0.15,0.1,1,4,1.3
687,0.3,0.1,0.15,0.1,1,4,1.3
688,0.4,0.1,0.15,0.1,1,4,1.3
689,0.5,0.1,0.15,0.1,1,4,1.3
690,0.6,0.1,0.15,0.1,1,4,1.3
691,0.7,0.1,0.15,0.1,1,4,1.3
692,0.8,0.1,0.15,0.1,1,4,1.3
693,0.9,0.1,0.15,0.1,1,4,1.3
694,0.1,0.1,0.15,0.1,1,4.5,1.3
695,0.2,0.1,0.15,0.1,1,4.5,1.3
696,0.3,0.1,0.15,0.1,1,4.5,1.3
697,0.4,0.1,0.15,0.1,1,4.5,1.3
698,0.5,0.1,0.15,0.1,1,4.5,1.3
699,0.6,0.1,0.15,0.1,1,4.5,1.3
700,0.7,0.1,0.15,0.1,1,4.5,1.3
701,0.8,0.1,0.15,0.1,1,4.5,1.3
702,0.9,0.1,0.15,0.1,1,4.5,1.3
703,0.1,0.1,0.15,0.1,1,5,1.3
704,0.2,0.1,0.15,0.1,1,5,1.3
705,0.3,0.1,0.15,0.1,1,5,1.3
706,0.4,0.1,0.15,0.1,1,5,1.3
707,0.5,0.1,0.15,0.1,1,5,1.3
708,0.6,0.1,0.15,0.1,1,5,1.3
709,0.7,0.1,0.15,0.1,1,5,1.3
710,0.8,0.1,0.15,0.1,1,5,1.3
711,0.9,0.1,0.15,0.1,1,5,1.3
712,0.1,0.1,0.15,0.1,1,5.5,1.3
713,0.2,0.1,0.15,0.1,1,5.5,1.3
714,0.3,0.1,0.15,0.1,1,5.5,1.3
715,0.4,0.1,0.15,0.1,1,5.5,1.3
716,0.5,0.1,0.15,0.1,1,5.5,1.3
717,0.6,0.1,0.15,0.1,1,5.5,1.3
718,0.7,0.1,0.15,0.1,1,5.5,1.3
719,0.8,0.1,0.15,0.1,1,5.5,1.3
720,0.9,0.1,0.15,0.1,1,5.5,1.3
721,0.1,0.1,0.15,0.1,1,1,1.4
722,0.2,0.1,0.15,0.1,1,1,1.4
723,0.3,0.1,0.15,0.1,1,1,1.4
724,0.4,0.1,0.15,0.1,1,1,1.4
725,0.5,0.1,0.15,0.1,1,1,1.4
726,0.6,0.1,0.15,0.1,1,1,1.4
727,0.7,0.1,0.15,0.1,1,1,1.4
728,0.8,0.1,0.15,0.1,1,1,1.4
729,0.9,0.1,0.15,0.1,1,1,1.4
730,0.1,0.1,0.15,0.1,1,1.5,1.4
731,0.2,0.1,0.15,0.1,1,1.5,1.4
732,0.3,0.1,0.15,0.1,1,1.5,1.4
733,0.4,0.1,0.15,0.1,1,1.5,1.4
734,0.5,0.1,0.15,0.1,1,1.5,1.4
735,0.6,0.1,0.15,0.1,1,1.5,1.4
736,0.7,0.1,0.15,0.1,1,1.5,1.4
737,0.8,0.1,0.15,0.1,1,1.5,1.4
738,0.9,0.1,0.15,0.1,1,1.5,1.4
739,0.1,0.1,0.15,0.1,1,2,1.4
740,0.2,0.1,0.15,0.1,1,2,1.4
741,0.3,0.1,0.15,0.1,1,2,1.4
742,0.4,0.1,0.15,0.1,1,2,1.4
743,0.5,0.1,0.15,0.1,1,2,1.4
744,0.6,0.1,0.15,0.1,1,2,1.4
745,0.7,0.1,0.15,0.1,1,2,1.4
746,0.8,0.1,0.15,0.1,1,2,1.4
747,0.9,0.1,0.15,0.1,1,2,1.4
748,0.1,0.1,0.15,0.1,1,2.5,1.4
749,0.2,0.1,0.15,0.1,1,2.5,1.4
750,0.3,0.1,0.15,0.1,1,2.5,1.4
751,0.4,0.1,0.15,0.1,1,2.5,1.4
752,0.5,0.1,0.15,0.1,1,2.5,1.4
753,0.6,0.1,0.15,0.1,1,2.5,1.4
754,0.7,0.1,0.15,0.1,1,2.5,1.4
755,0.8,0.1,0.15,0.1,1,2.5,1.4
756,0.9,0.1,0.15,0.1,1,2.5,1.4
757,0.1,0.1,0.15,0.1,1,3,1.4
758,0.2,0.1,0.15,0.1,1,3,1.4
759,0.3,0.1,0.15,0.1,1,3,1.4
760,0.4,0.1,0.15,0.1,1,3,1.4
761,0.5,0.1,0.15,0.1,1,3,1.4
762,0.6,0.1,0.15,0.1,1,3,1.4
763,0.7,0.1,0.15,0.1,1,3,1.4
764,0.8,0.1,0.15,0.1,1,3,1.4
765,0.9,0.1,0.15,0.1,1,3,1.4
766,0.1,0.1,0.15,0.1,1,3.5,1.4
767,0.2,0.1,0.15,0.1,1,3.5,1.4
768,0.3,0.1,0.15,0.1,1,3.5,1.4
769,0.4,0.1,0.15,0.1,1,3.5,1.4
770,0.5,0.1,0.15,0.1,1,3.5,1.4
771,0.6,0.1,0.15,0.1,1,3.5,1.4
772,0.7,0.1,0.15,0.1,1,3.5,1.4
773,0.8,0.1,0.15,0.1,1,3.5,1.4
774,0.9,0.1,0.15,0.1,1,3.5,1.4
775,0.1,0.1,0.15,0.1,1,4,1.4
776,0.2,0.1,0.15,0.1,1,4,1.4
777,0.3,0.1,0.15,0.1,1,4,1.4
778,0.4,0.1,0.15,0.1,1,4,1.4
779,0.5,0.1,0.15,0.1,1,4,1.4
780,0.6,0.1,0.15,0.1,1,4,1.4
781,0.7,0.1,0.15,0.1,1,4,1.4
782,0.8,0.1,0.15,0.1,1,4,1.4
783,0.9,0.1,0.15,0.1,1,4,1.4
784,0.1,0.1,0.15,0.1,1,4.5,1.4
785,0.2,0.1,0.15,0.1,1,4.5,1.4
786,0.3,0.1,0.15,0.1,1,4.5,1.4
787,0.4,0.1,0.15,0.1,1,4.5,1.4
788,0.5,0.1,0.15,0.1,1,4.5,1.4
789,0.6,0.1,0.15,0.1,1,4.5,1.4
790,0.7,0.1,0.15,0.1,1,4.5,1.4
791,0.8,0.1,0.15,0.1,1,4.5,1.4
792,0.9,0.1,0.15,0.1,1,4.5,1.4
793,0.1,0.1,0.15,0.1,1,5,1.4
794,0.2,0.1,0.15,0.1,1,5,1.4
795,0.3,0.1,0.15,0.1,1,5,1.4
796,0.4,0.1,0.15,0.1,1,5,1.4
797,0.5,0.1,0.15,0.1,1,5,1.4
798,0.6,0.1,0.15,0.1,1,5,1.4
799,0.7,0.1,0.15,0.1,1,5,1.4
800,0.8,0.1,0.15,0.1,1,5,1.4
801,0.9,0.1,0.15,0.1,1,5,1.4
802,0.1,0.1,0.15,0.1,1,5.5,1.4
803,0.2,0.1,0.15,0.1,1,5.5,1.4
804,0.3,0.1,0.15,0.1,1,5.5,1.4
805,0.4,0.1,0.15,0.1,1,5.5,1.4
806,0.5,0.1,0.15,0.1,1,5.5,1.4
807,0.6,0.1,0.15,0.1,1,5.5,1.4
808,0.7,0.1,0.15,0.1,1,5.5,1.4
809,0.8,0.1,0.15,0.1,1,5.5,1.4
810,0.9,0.1,0.15,0.1,1,5.5,1.4
811,0.1,0.1,0.15,0.1,1,1,1.5
812,0.2,0.1,0.15,0.1,1,1,1.5
813,0.3,0.1,0.15,0.1,1,1,1.5
814,0.4,0.1,0.15,0.1,1,1,1.5
815,0.5,0.1,0.15,0.1,1,1,1.5
816,0.6,0.1,0.15,0.1,1,1,1.5
817,0.7,0.1,0.15,0.1,1,1,1.5
818,0.8,0.1,0.15,0.1,1,1,1.5
819,0.9,0.1,0.15,0.1,1,1,1.5
820,0.1,0.1,0.15,0.1,1,1.5,1.5
821,0.2,0.1,0.15,0.1,1,1.5,1.5
822,0.3,0.1,0.15,0.1,1,1.5,1.5
823,0.4,0.1,0.15,0.1,1,1.5,1.5
824,0.5,0.1,0.15,0.1,1,1.5,1.5
825,0.6,0.1,0.15,0.1,1,1.5,1.5
826,0.7,0.1,0.15,0.1,1,1.5,1.5
827,0.8,0.1,0.15,0.1,1,1.5,1.5
828,0.9,0.1,0.15,0.1,1,1.5,1.5
829,0.1,0.1,0.15,0.1,1,2,1.5
830,0.2,0.1,0.15,0.1,1,2,1.5
831,0.3,0.1,0.15,0.1,1,2,1.5
832,0.4,0.1,0.15,0.1,1,2,1.5
833,0.5,0.1,0.15,0.1,1,2,1.5
834,0.6,0.1,0.15,0.1,1,2,1.5
835,0.7,0.1,0.15,0.1,1,2,1.5
836,0.8,0.1,0.15,0.1,1,2,1.5
837,0.9,0.1,0.15,0.1,1,2,1.5
838,0.1,0.1,0.15,0.1,1,2.5,1.5
839,0.2,0.1,0.15,0.1,1,2.5,1.5
840,0.3,0.1,0.15,0.1,1,2.5,1.5
841,0.4,0.1,0.15,0.1,1,2.5,1.5
842,0.5,0.1,0.15,0.1,1,2.5,1.5
843,0.6,0.1,0.15,0.1,1,2.5,1.5
844,0.7,0.1,0.15,0.1,1,2.5,1.5
845,0.8,0.1,0.15,0.1,1,2.5,1.5
846,0.9,0.1,0.15,0.1,1,2.5,1.5
847,0.1,0.1,0.15,0.1,1,3,1.5
848,0.2,0.1,0.15,0.1,1,3,1.5
849,0.3,0.1,0.15,0.1,1,3,1.5
850,0.4,0.1,0.15,0.1,1,3,1.5
851,0.5,0.1,0.15,0.1,1,3,1.5
852,0.6,0.1,0.15,0.1,1,3,1.5
853,0.7,0.1,0.15,0.1,1,3,1.5
854,0.8,0.1,0.15,0.1,1,3,1.5
855,0.9,0.1,0.15,0.1,1,3,1.5
856,0.1,0.1,0.15,0.1,1,3.5,1.5
857,0.2,0.1,0.15,0.1,1,3.5,1.5
858,0.3,0.1,0.15,0.1,1,3.5,1.5
859,0.4,0.1,0.15,0.1,1,3.5,1.5
860,0.5,0.1,0.15,0.1,1,3.5,1.5
861,0.6,0.1,0.15,0.1,1,3.5,1.5
862,0.7,0.1,0.15,0.1,1,3.5,1.5
863,0.8,0.1,0.15,0.1,1,3.5,1.5
864,0.9,0.1,0.15,0.1,1,3.5,1.5
865,0.1,0.1,0.15,0.1,1,4,1.5
866,0.2,0.1,0.15,0.1,1,4,1.5
867,0.3,0.1,0.15,0.1,1,4,1.5
868,0.4,0.1,0.15,0.1,1,4,1.5
869,0.5,0.1,0.15,0.1,1,4,1.5
870,0.6,0.1,0.15,0.1,1,4,1.5
871,0.7,0.1,0.15,0.1,1,4,1.5
872,0.8,0.1,0.15,0.1,1,4,1.5
873,0.9,0.1,0.15,0.1,1,4,1.5
874,0.1,0.1,0.15,0.1,1,4.5,1.5
875,0.2,0.1,0.15,0.1,1,4.5,1.5
876,0.3,0.1,0.15,0.1,1,4.5,1.5
877,0.4,0.1,0.15,0.1,1,4.5,1.5
878,0.5,0.1,0.15,0.1,1,4.5,1.5
879,0.6,0.1,0.15,0.1,1,4.5,1.5
880,0.7,0.1,0.15,0.1,1,4.5,1.5
881,0.8,0.1,0.15,0.1,1,4.5,1.5
882,0.9,0.1,0.15,0.1,1,4.5,1.5
883,0.1,0.1,0.15,0.1,1,5,1.5
884,0.2,0.1,0.15,0.1,1,5,1.5
885,0.3,0.1,0.15,0.1,1,5,1.5
886,0.4,0.1,0.15,0.1,1,5,1.5
887,0.5,0.1,0.15,0.1,1,5,1.5
888,0.6,0.1,0.15,0.1,1,5,1.5
889,0.7,0.1,0.15,0.1,1,5,1.5
890,0.8,0.1,0.15,0.1,1,5,1.5
891,0.9,0.1,0.15,0.1,1,5,1.5
892,0.1,0.1,0.15,0.1,1,5.5,1.5
893,0.2,0.1,0.15,0.1,1,5.5,1.5
894,0.3,0.1,0.15,0.1,1,5.5,1.5
895,0.4,0.1,0.15,0.1,1,5.5,1.5
896,0.5,0.1,0.15,0.1,1,5.5,1.5
897,0.6,0.1,0.15,0.1,1,5.5,1.5
898,0.7,0.1,0.15,0.1,1,5.5,1.5
899,0.8,0.1,0.15,0.1,1,5.5,1.5
900,0.9,0.1,0.15,0.1,1,5.5,1.5
